,file,min,max,mean,count,median,nodata,masked_count,spatial_unit,GEOID,basename,full_path,prop_nodata,entity_id,start_date,end_date,start_year,end_year,cloud_cover,area,shp_percent,spatial_bounds,spatial_coverage
18,LC08_L2SP_014034_20200722_20200911_02_T1,18.851024660000007,95.738017352,67.98871704050535,13126,71.405132972,3.0,2092529,blkgps,510019901000,easternShore,landsat8_c2_l2_data/easternShore/clipped/LC08_L2SP_014034_20200722_20200911_02_T1_ST_B10_easternShore_clipped.TIF,0.0002285017899306878,LC80140342020204LGN00,2020-07-22,2020-07-22,2020,2020,9.85,2638.322017,100.0,"[[-77.04157, 36.40784], [-77.04157, 38.52658], [-74.42752, 38.52658], [-74.42752, 36.40784], [-77.04157, 36.40784]]","[[-77.04157, 36.80667], [-74.96588, 36.40784], [-74.42752, 38.12646], [-76.55134, 38.52658], [-77.04157, 36.80667]]"
19,LC08_L2SP_014034_20200722_20200911_02_T1,63.21008822000003,109.46410206799999,85.64097784186885,97511,84.98355922400009,0.0,347963,blkgps,510010908002,easternShore,landsat8_c2_l2_data/easternShore/clipped/LC08_L2SP_014034_20200722_20200911_02_T1_ST_B10_easternShore_clipped.TIF,0.0,LC80140342020204LGN00,2020-07-22,2020-07-22,2020,2020,9.85,2638.322017,100.0,"[[-77.04157, 36.40784], [-77.04157, 38.52658], [-74.42752, 38.52658], [-74.42752, 36.40784], [-77.04157, 36.40784]]","[[-77.04157, 36.80667], [-74.96588, 36.40784], [-74.42752, 38.12646], [-76.55134, 38.52658], [-77.04157, 36.80667]]"
20,LC08_L2SP_014034_20200722_20200911_02_T1,60.01697393600009,106.80009728000005,79.04608142506704,50664,79.26179374400002,0.0,52696,blkgps,510010904004,easternShore,landsat8_c2_l2_data/easternShore/clipped/LC08_L2SP_014034_20200722_20200911_02_T1_ST_B10_easternShore_clipped.TIF,0.0,LC80140342020204LGN00,2020-07-22,2020-07-22,2020,2020,9.85,2638.322017,100.0,"[[-77.04157, 36.40784], [-77.04157, 38.52658], [-74.42752, 38.52658], [-74.42752, 36.40784], [-77.04157, 36.40784]]","[[-77.04157, 36.80667], [-74.96588, 36.40784], [-74.42752, 38.12646], [-76.55134, 38.52658], [-77.04157, 36.80667]]"
21,LC08_L2SP_014034_20200722_20200911_02_T1,16.31622102800004,100.97989282400003,73.94615106489178,53961,75.74875278800005,1.0,73839,blkgps,510010904003,easternShore,landsat8_c2_l2_data/easternShore/clipped/LC08_L2SP_014034_20200722_20200911_02_T1_ST_B10_easternShore_clipped.TIF,1.8531559245394906e-05,LC80140342020204LGN00,2020-07-22,2020-07-22,2020,2020,9.85,2638.322017,100.0,"[[-77.04157, 36.40784], [-77.04157, 38.52658], [-74.42752, 38.52658], [-74.42752, 36.40784], [-77.04157, 36.40784]]","[[-77.04157, 36.80667], [-74.96588, 36.40784], [-74.42752, 38.12646], [-76.55134, 38.52658], [-77.04157, 36.80667]]"
22,LC08_L2SP_014034_20200722_20200911_02_T1,66.6554523800001,113.85694137200001,88.03743110381936,34991,86.86620464,0.0,50077,blkgps,510010908003,easternShore,landsat8_c2_l2_data/easternShore/clipped/LC08_L2SP_014034_20200722_20200911_02_T1_ST_B10_easternShore_clipped.TIF,0.0,LC80140342020204LGN00,2020-07-22,2020-07-22,2020,2020,9.85,2638.322017,100.0,"[[-77.04157, 36.40784], [-77.04157, 38.52658], [-74.42752, 38.52658], [-74.42752, 36.40784], [-77.04157, 36.40784]]","[[-77.04157, 36.80667], [-74.96588, 36.40784], [-74.42752, 38.12646], [-76.55134, 38.52658], [-77.04157, 36.80667]]"
23,LC08_L2SP_014034_20200722_20200911_02_T1,-189.66733625199998,92.38493973200005,55.862004879703164,54216,72.86326030400002,0.0,80789,blkgps,510010903001,easternShore,landsat8_c2_l2_data/easternShore/clipped/LC08_L2SP_014034_20200722_20200911_02_T1_ST_B10_easternShore_clipped.TIF,0.0,LC80140342020204LGN00,2020-07-22,2020-07-22,2020,2020,9.85,2638.322017,100.0,"[[-77.04157, 36.40784], [-77.04157, 38.52658], [-74.42752, 38.52658], [-74.42752, 36.40784], [-77.04157, 36.40784]]","[[-77.04157, 36.80667], [-74.96588, 36.40784], [-74.42752, 38.12646], [-76.55134, 38.52658], [-77.04157, 36.80667]]"
24,LC08_L2SP_014034_20200722_20200911_02_T1,-79.52027454399995,98.51276598799998,58.74617040296679,37822,72.45104709200001,0.0,54788,blkgps,510010903002,easternShore,landsat8_c2_l2_data/easternShore/clipped/LC08_L2SP_014034_20200722_20200911_02_T1_ST_B10_easternShore_clipped.TIF,0.0,LC80140342020204LGN00,2020-07-22,2020-07-22,2020,2020,9.85,2638.322017,100.0,"[[-77.04157, 36.40784], [-77.04157, 38.52658], [-74.42752, 38.52658], [-74.42752, 36.40784], [-77.04157, 36.40784]]","[[-77.04157, 36.80667], [-74.96588, 36.40784], [-74.42752, 38.12646], [-76.55134, 38.52658], [-77.04157, 36.80667]]"
25,LC08_L2SP_014034_20200722_20200911_02_T1,-21.016760619999957,99.01726574,77.07617432386508,36903,81.37823172800002,0.0,257442,blkgps,510019801001,easternShore,landsat8_c2_l2_data/easternShore/clipped/LC08_L2SP_014034_20200722_20200911_02_T1_ST_B10_easternShore_clipped.TIF,0.0,LC80140342020204LGN00,2020-07-22,2020-07-22,2020,2020,9.85,2638.322017,100.0,"[[-77.04157, 36.40784], [-77.04157, 38.52658], [-74.42752, 38.52658], [-74.42752, 36.40784], [-77.04157, 36.40784]]","[[-77.04157, 36.80667], [-74.96588, 36.40784], [-74.42752, 38.12646], [-76.55134, 38.52658], [-77.04157, 36.80667]]"
26,LC08_L2SP_014034_20200722_20200911_02_T1,65.3326786400001,105.94490867599998,83.08728571822729,29790,82.541042132,0.0,30406,blkgps,510010907004,easternShore,landsat8_c2_l2_data/easternShore/clipped/LC08_L2SP_014034_20200722_20200911_02_T1_ST_B10_easternShore_clipped.TIF,0.0,LC80140342020204LGN00,2020-07-22,2020-07-22,2020,2020,9.85,2638.322017,100.0,"[[-77.04157, 36.40784], [-77.04157, 38.52658], [-74.42752, 38.52658], [-74.42752, 36.40784], [-77.04157, 36.40784]]","[[-77.04157, 36.80667], [-74.96588, 36.40784], [-74.42752, 38.12646], [-76.55134, 38.52658], [-77.04157, 36.80667]]"
27,LC08_L2SP_014034_20200722_20200911_02_T1,73.06629069199997,103.58852568799996,84.49416486254717,86652,83.69770010000005,0.0,75880,blkgps,510010907005,easternShore,landsat8_c2_l2_data/easternShore/clipped/LC08_L2SP_014034_20200722_20200911_02_T1_ST_B10_easternShore_clipped.TIF,0.0,LC80140342020204LGN00,2020-07-22,2020-07-22,2020,2020,9.85,2638.322017,100.0,"[[-77.04157, 36.40784], [-77.04157, 38.52658], [-74.42752, 38.52658], [-74.42752, 36.40784], [-77.04157, 36.40784]]","[[-77.04157, 36.80667], [-74.96588, 36.40784], [-74.42752, 38.12646], [-76.55134, 38.52658], [-77.04157, 36.80667]]"
28,LC08_L2SP_014034_20200722_20200911_02_T1,0.8736066680000683,99.54022280000005,73.40469191470015,61372,75.05967995600004,0.0,80438,blkgps,510019802001,easternShore,landsat8_c2_l2_data/easternShore/clipped/LC08_L2SP_014034_20200722_20200911_02_T1_ST_B10_easternShore_clipped.TIF,0.0,LC80140342020204LGN00,2020-07-22,2020-07-22,2020,2020,9.85,2638.322017,100.0,"[[-77.04157, 36.40784], [-77.04157, 38.52658], [-74.42752, 38.52658], [-74.42752, 36.40784], [-77.04157, 36.40784]]","[[-77.04157, 36.80667], [-74.96588, 36.40784], [-74.42752, 38.12646], [-76.55134, 38.52658], [-77.04157, 36.80667]]"
29,LC08_L2SP_014034_20200722_20200911_02_T1,-6.3739629399999345,97.84830290000006,78.18295360310952,76786,79.66170208400004,0.0,90864,blkgps,510010902002,easternShore,landsat8_c2_l2_data/easternShore/clipped/LC08_L2SP_014034_20200722_20200911_02_T1_ST_B10_easternShore_clipped.TIF,0.0,LC80140342020204LGN00,2020-07-22,2020-07-22,2020,2020,9.85,2638.322017,100.0,"[[-77.04157, 36.40784], [-77.04157, 38.52658], [-74.42752, 38.52658], [-74.42752, 36.40784], [-77.04157, 36.40784]]","[[-77.04157, 36.80667], [-74.96588, 36.40784], [-74.42752, 38.12646], [-76.55134, 38.52658], [-77.04157, 36.80667]]"
30,LC08_L2SP_014034_20200722_20200911_02_T1,80.22772619600002,96.31634633599997,87.84810790858435,2170,87.72139324399998,0.0,2912,blkgps,510010901002,easternShore,landsat8_c2_l2_data/easternShore/clipped/LC08_L2SP_014034_20200722_20200911_02_T1_ST_B10_easternShore_clipped.TIF,0.0,LC80140342020204LGN00,2020-07-22,2020-07-22,2020,2020,9.85,2638.322017,100.0,"[[-77.04157, 36.40784], [-77.04157, 38.52658], [-74.42752, 38.52658], [-74.42752, 36.40784], [-77.04157, 36.40784]]","[[-77.04157, 36.80667], [-74.96588, 36.40784], [-74.42752, 38.12646], [-76.55134, 38.52658], [-77.04157, 36.80667]]"
31,LC08_L2SP_014034_20200722_20200911_02_T1,53.30466626000003,93.84306706400008,73.01428356141147,29912,73.92147929600003,0.0,41488,blkgps,510010905003,easternShore,landsat8_c2_l2_data/easternShore/clipped/LC08_L2SP_014034_20200722_20200911_02_T1_ST_B10_easternShore_clipped.TIF,0.0,LC80140342020204LGN00,2020-07-22,2020-07-22,2020,2020,9.85,2638.322017,100.0,"[[-77.04157, 36.40784], [-77.04157, 38.52658], [-74.42752, 38.52658], [-74.42752, 36.40784], [-77.04157, 36.40784]]","[[-77.04157, 36.80667], [-74.96588, 36.40784], [-74.42752, 38.12646], [-76.55134, 38.52658], [-77.04157, 36.80667]]"
32,LC08_L2SP_014034_20200722_20200911_02_T1,64.13295362000002,112.63260660800005,85.81741806456917,18041,85.06354089200008,0.0,22787,blkgps,510010907002,easternShore,landsat8_c2_l2_data/easternShore/clipped/LC08_L2SP_014034_20200722_20200911_02_T1_ST_B10_easternShore_clipped.TIF,0.0,LC80140342020204LGN00,2020-07-22,2020-07-22,2020,2020,9.85,2638.322017,100.0,"[[-77.04157, 36.40784], [-77.04157, 38.52658], [-74.42752, 38.52658], [-74.42752, 36.40784], [-77.04157, 36.40784]]","[[-77.04157, 36.80667], [-74.96588, 36.40784], [-74.42752, 38.12646], [-76.55134, 38.52658], [-77.04157, 36.80667]]"
33,LC08_L2SP_014034_20200722_20200911_02_T1,66.85233033199998,107.61837126800003,87.68490871303842,25220,86.67547912400008,0.0,17305,blkgps,510010907003,easternShore,landsat8_c2_l2_data/easternShore/clipped/LC08_L2SP_014034_20200722_20200911_02_T1_ST_B10_easternShore_clipped.TIF,0.0,LC80140342020204LGN00,2020-07-22,2020-07-22,2020,2020,9.85,2638.322017,100.0,"[[-77.04157, 36.40784], [-77.04157, 38.52658], [-74.42752, 38.52658], [-74.42752, 36.40784], [-77.04157, 36.40784]]","[[-77.04157, 36.80667], [-74.96588, 36.40784], [-74.42752, 38.12646], [-76.55134, 38.52658], [-77.04157, 36.80667]]"
34,LC08_L2SP_014034_20200722_20200911_02_T1,10.372967851999999,77.05306922000001,45.00432557905149,10689,45.59566395200004,0.0,13049,blkgps,510010905002,easternShore,landsat8_c2_l2_data/easternShore/clipped/LC08_L2SP_014034_20200722_20200911_02_T1_ST_B10_easternShore_clipped.TIF,0.0,LC80140342020204LGN00,2020-07-22,2020-07-22,2020,2020,9.85,2638.322017,100.0,"[[-77.04157, 36.40784], [-77.04157, 38.52658], [-74.42752, 38.52658], [-74.42752, 36.40784], [-77.04157, 36.40784]]","[[-77.04157, 36.80667], [-74.96588, 36.40784], [-74.42752, 38.12646], [-76.55134, 38.52658], [-77.04157, 36.80667]]"
35,LC08_L2SP_014034_20200722_20200911_02_T1,73.17703454,95.48576747600009,83.55730991081754,3413,83.78998664000005,0.0,2617,blkgps,510010906003,easternShore,landsat8_c2_l2_data/easternShore/clipped/LC08_L2SP_014034_20200722_20200911_02_T1_ST_B10_easternShore_clipped.TIF,0.0,LC80140342020204LGN00,2020-07-22,2020-07-22,2020,2020,9.85,2638.322017,100.0,"[[-77.04157, 36.40784], [-77.04157, 38.52658], [-74.42752, 38.52658], [-74.42752, 36.40784], [-77.04157, 36.40784]]","[[-77.04157, 36.80667], [-74.96588, 36.40784], [-74.42752, 38.12646], [-76.55134, 38.52658], [-77.04157, 36.80667]]"
36,LC08_L2SP_014034_20200722_20200911_02_T1,47.36141308399999,97.45454699599998,72.47187813232406,51664,73.99530852799998,0.0,39440,blkgps,510010904002,easternShore,landsat8_c2_l2_data/easternShore/clipped/LC08_L2SP_014034_20200722_20200911_02_T1_ST_B10_easternShore_clipped.TIF,0.0,LC80140342020204LGN00,2020-07-22,2020-07-22,2020,2020,9.85,2638.322017,100.0,"[[-77.04157, 36.40784], [-77.04157, 38.52658], [-74.42752, 38.52658], [-74.42752, 36.40784], [-77.04157, 36.40784]]","[[-77.04157, 36.80667], [-74.96588, 36.40784], [-74.42752, 38.12646], [-76.55134, 38.52658], [-77.04157, 36.80667]]"
37,LC08_L2SP_014034_20200722_20200911_02_T1,61.70889383600009,106.76933510000002,79.36499031446999,20978,78.86803784000003,0.0,20131,blkgps,510010907001,easternShore,landsat8_c2_l2_data/easternShore/clipped/LC08_L2SP_014034_20200722_20200911_02_T1_ST_B10_easternShore_clipped.TIF,0.0,LC80140342020204LGN00,2020-07-22,2020-07-22,2020,2020,9.85,2638.322017,100.0,"[[-77.04157, 36.40784], [-77.04157, 38.52658], [-74.42752, 38.52658], [-74.42752, 36.40784], [-77.04157, 36.40784]]","[[-77.04157, 36.80667], [-74.96588, 36.40784], [-74.42752, 38.12646], [-76.55134, 38.52658], [-77.04157, 36.80667]]"
38,LC08_L2SP_014034_20200722_20200911_02_T1,40.815221180000094,92.95096384400003,77.15746961629989,9244,84.05146517000003,0.0,96680,blkgps,510010906001,easternShore,landsat8_c2_l2_data/easternShore/clipped/LC08_L2SP_014034_20200722_20200911_02_T1_ST_B10_easternShore_clipped.TIF,0.0,LC80140342020204LGN00,2020-07-22,2020-07-22,2020,2020,9.85,2638.322017,100.0,"[[-77.04157, 36.40784], [-77.04157, 38.52658], [-74.42752, 38.52658], [-74.42752, 36.40784], [-77.04157, 36.40784]]","[[-77.04157, 36.80667], [-74.96588, 36.40784], [-74.42752, 38.12646], [-76.55134, 38.52658], [-77.04157, 36.80667]]"
39,LC08_L2SP_014034_20200722_20200911_02_T1,69.38713396400004,97.96519918400004,78.92538837077377,40218,78.38814783200002,0.0,47982,blkgps,510010906004,easternShore,landsat8_c2_l2_data/easternShore/clipped/LC08_L2SP_014034_20200722_20200911_02_T1_ST_B10_easternShore_clipped.TIF,0.0,LC80140342020204LGN00,2020-07-22,2020-07-22,2020,2020,9.85,2638.322017,100.0,"[[-77.04157, 36.40784], [-77.04157, 38.52658], [-74.42752, 38.52658], [-74.42752, 36.40784], [-77.04157, 36.40784]]","[[-77.04157, 36.80667], [-74.96588, 36.40784], [-74.42752, 38.12646], [-76.55134, 38.52658], [-77.04157, 36.80667]]"
40,LC08_L2SP_014034_20200722_20200911_02_T1,-154.16778053199994,91.80661074800008,55.472257121467166,82890,71.34360861200004,0.0,132851,blkgps,510010902003,easternShore,landsat8_c2_l2_data/easternShore/clipped/LC08_L2SP_014034_20200722_20200911_02_T1_ST_B10_easternShore_clipped.TIF,0.0,LC80140342020204LGN00,2020-07-22,2020-07-22,2020,2020,9.85,2638.322017,100.0,"[[-77.04157, 36.40784], [-77.04157, 38.52658], [-74.42752, 38.52658], [-74.42752, 36.40784], [-77.04157, 36.40784]]","[[-77.04157, 36.80667], [-74.96588, 36.40784], [-74.42752, 38.12646], [-76.55134, 38.52658], [-77.04157, 36.80667]]"
41,LC08_L2SP_014034_20200722_20200911_02_T1,80.57841504799997,92.45261652800005,85.76835428217083,1780,85.64494609400009,1.0,3800,blkgps,510010901003,easternShore,landsat8_c2_l2_data/easternShore/clipped/LC08_L2SP_014034_20200722_20200911_02_T1_ST_B10_easternShore_clipped.TIF,0.0005614823133071309,LC80140342020204LGN00,2020-07-22,2020-07-22,2020,2020,9.85,2638.322017,100.0,"[[-77.04157, 36.40784], [-77.04157, 38.52658], [-74.42752, 38.52658], [-74.42752, 36.40784], [-77.04157, 36.40784]]","[[-77.04157, 36.80667], [-74.96588, 36.40784], [-74.42752, 38.12646], [-76.55134, 38.52658], [-77.04157, 36.80667]]"
42,LC08_L2SP_014034_20200722_20200911_02_T1,77.12689845200006,95.84876120000004,84.06895875055645,5586,84.02377920800002,0.0,7724,blkgps,510010901001,easternShore,landsat8_c2_l2_data/easternShore/clipped/LC08_L2SP_014034_20200722_20200911_02_T1_ST_B10_easternShore_clipped.TIF,0.0,LC80140342020204LGN00,2020-07-22,2020-07-22,2020,2020,9.85,2638.322017,100.0,"[[-77.04157, 36.40784], [-77.04157, 38.52658], [-74.42752, 38.52658], [-74.42752, 36.40784], [-77.04157, 36.40784]]","[[-77.04157, 36.80667], [-74.96588, 36.40784], [-74.42752, 38.12646], [-76.55134, 38.52658], [-77.04157, 36.80667]]"
43,LC08_L2SP_014034_20200722_20200911_02_T1,,,,0,,,4,blkgps,510019902000,easternShore,landsat8_c2_l2_data/easternShore/clipped/LC08_L2SP_014034_20200722_20200911_02_T1_ST_B10_easternShore_clipped.TIF,,LC80140342020204LGN00,2020-07-22,2020-07-22,2020,2020,9.85,2638.322017,100.0,"[[-77.04157, 36.40784], [-77.04157, 38.52658], [-74.42752, 38.52658], [-74.42752, 36.40784], [-77.04157, 36.40784]]","[[-77.04157, 36.80667], [-74.96588, 36.40784], [-74.42752, 38.12646], [-76.55134, 38.52658], [-77.04157, 36.80667]]"
44,LC08_L2SP_014034_20200722_20200911_02_T1,72.64177260800005,95.66418812000003,84.78717945262446,3248,84.80513858000003,0.0,8434,blkgps,510010901004,easternShore,landsat8_c2_l2_data/easternShore/clipped/LC08_L2SP_014034_20200722_20200911_02_T1_ST_B10_easternShore_clipped.TIF,0.0,LC80140342020204LGN00,2020-07-22,2020-07-22,2020,2020,9.85,2638.322017,100.0,"[[-77.04157, 36.40784], [-77.04157, 38.52658], [-74.42752, 38.52658], [-74.42752, 36.40784], [-77.04157, 36.40784]]","[[-77.04157, 36.80667], [-74.96588, 36.40784], [-74.42752, 38.12646], [-76.55134, 38.52658], [-77.04157, 36.80667]]"
45,LC08_L2SP_014034_20200722_20200911_02_T1,49.674729020000086,97.694492,73.69444293374687,44184,74.47519853600002,0.0,54570,blkgps,510010904001,easternShore,landsat8_c2_l2_data/easternShore/clipped/LC08_L2SP_014034_20200722_20200911_02_T1_ST_B10_easternShore_clipped.TIF,0.0,LC80140342020204LGN00,2020-07-22,2020-07-22,2020,2020,9.85,2638.322017,100.0,"[[-77.04157, 36.40784], [-77.04157, 38.52658], [-74.42752, 38.52658], [-74.42752, 36.40784], [-77.04157, 36.40784]]","[[-77.04157, 36.80667], [-74.96588, 36.40784], [-74.42752, 38.12646], [-76.55134, 38.52658], [-77.04157, 36.80667]]"
46,LC08_L2SP_014034_20200722_20200911_02_T1,63.92992323200008,106.89238382000005,81.91680833320592,50622,81.61817673200002,3.0,58081,blkgps,510010908001,easternShore,landsat8_c2_l2_data/easternShore/clipped/LC08_L2SP_014034_20200722_20200911_02_T1_ST_B10_easternShore_clipped.TIF,5.925925925925926e-05,LC80140342020204LGN00,2020-07-22,2020-07-22,2020,2020,9.85,2638.322017,100.0,"[[-77.04157, 36.40784], [-77.04157, 38.52658], [-74.42752, 38.52658], [-74.42752, 36.40784], [-77.04157, 36.40784]]","[[-77.04157, 36.80667], [-74.96588, 36.40784], [-74.42752, 38.12646], [-76.55134, 38.52658], [-77.04157, 36.80667]]"
47,LC08_L2SP_014034_20200722_20200911_02_T1,5.531000720000087,87.62295426800003,73.08599595388625,31631,77.04691678400008,0.0,27382,blkgps,510010905001,easternShore,landsat8_c2_l2_data/easternShore/clipped/LC08_L2SP_014034_20200722_20200911_02_T1_ST_B10_easternShore_clipped.TIF,0.0,LC80140342020204LGN00,2020-07-22,2020-07-22,2020,2020,9.85,2638.322017,100.0,"[[-77.04157, 36.40784], [-77.04157, 38.52658], [-74.42752, 38.52658], [-74.42752, 36.40784], [-77.04157, 36.40784]]","[[-77.04157, 36.80667], [-74.96588, 36.40784], [-74.42752, 38.12646], [-76.55134, 38.52658], [-77.04157, 36.80667]]"
48,LC08_L2SP_014034_20200722_20200911_02_T1,-29.568646659999978,84.40523024000011,50.130599603557954,48703,53.87684280800006,0.0,49009,blkgps,510010903003,easternShore,landsat8_c2_l2_data/easternShore/clipped/LC08_L2SP_014034_20200722_20200911_02_T1_ST_B10_easternShore_clipped.TIF,0.0,LC80140342020204LGN00,2020-07-22,2020-07-22,2020,2020,9.85,2638.322017,100.0,"[[-77.04157, 36.40784], [-77.04157, 38.52658], [-74.42752, 38.52658], [-74.42752, 36.40784], [-77.04157, 36.40784]]","[[-77.04157, 36.80667], [-74.96588, 36.40784], [-74.42752, 38.12646], [-76.55134, 38.52658], [-77.04157, 36.80667]]"
49,LC08_L2SP_014034_20200722_20200911_02_T1,42.86398236799998,95.98411479200007,79.98509583771596,84716,80.46767120000004,0.0,62736,blkgps,510010906002,easternShore,landsat8_c2_l2_data/easternShore/clipped/LC08_L2SP_014034_20200722_20200911_02_T1_ST_B10_easternShore_clipped.TIF,0.0,LC80140342020204LGN00,2020-07-22,2020-07-22,2020,2020,9.85,2638.322017,100.0,"[[-77.04157, 36.40784], [-77.04157, 38.52658], [-74.42752, 38.52658], [-74.42752, 36.40784], [-77.04157, 36.40784]]","[[-77.04157, 36.80667], [-74.96588, 36.40784], [-74.42752, 38.12646], [-76.55134, 38.52658], [-77.04157, 36.80667]]"
50,LC08_L2SP_014034_20200722_20200911_02_T1,-67.60915844799997,98.08209546800002,82.30934793429267,53342,82.301097128,0.0,68770,blkgps,510010902001,easternShore,landsat8_c2_l2_data/easternShore/clipped/LC08_L2SP_014034_20200722_20200911_02_T1_ST_B10_easternShore_clipped.TIF,0.0,LC80140342020204LGN00,2020-07-22,2020-07-22,2020,2020,9.85,2638.322017,100.0,"[[-77.04157, 36.40784], [-77.04157, 38.52658], [-74.42752, 38.52658], [-74.42752, 36.40784], [-77.04157, 36.40784]]","[[-77.04157, 36.80667], [-74.96588, 36.40784], [-74.42752, 38.12646], [-76.55134, 38.52658], [-77.04157, 36.80667]]"
51,LC08_L2SP_014034_20200722_20200911_02_T1,75.61339919600002,116.85933014000001,85.23882462978872,2281,82.86712124000007,1.0,1373015,blkgps,511319901000,easternShore,landsat8_c2_l2_data/easternShore/clipped/LC08_L2SP_014034_20200722_20200911_02_T1_ST_B10_easternShore_clipped.TIF,0.00043821209465381246,LC80140342020204LGN00,2020-07-22,2020-07-22,2020,2020,9.85,2638.322017,100.0,"[[-77.04157, 36.40784], [-77.04157, 38.52658], [-74.42752, 38.52658], [-74.42752, 36.40784], [-77.04157, 36.40784]]","[[-77.04157, 36.80667], [-74.96588, 36.40784], [-74.42752, 38.12646], [-76.55134, 38.52658], [-77.04157, 36.80667]]"
52,LC08_L2SP_014034_20200722_20200911_02_T1,77.92671513200003,118.66814632399999,96.76328150805234,45341,96.10716351199999,0.0,48469,blkgps,511319302002,easternShore,landsat8_c2_l2_data/easternShore/clipped/LC08_L2SP_014034_20200722_20200911_02_T1_ST_B10_easternShore_clipped.TIF,0.0,LC80140342020204LGN00,2020-07-22,2020-07-22,2020,2020,9.85,2638.322017,100.0,"[[-77.04157, 36.40784], [-77.04157, 38.52658], [-74.42752, 38.52658], [-74.42752, 36.40784], [-77.04157, 36.40784]]","[[-77.04157, 36.80667], [-74.96588, 36.40784], [-74.42752, 38.12646], [-76.55134, 38.52658], [-77.04157, 36.80667]]"
53,LC08_L2SP_014034_20200722_20200911_02_T1,81.37207929199997,110.30083336400001,92.64637131460184,44950,91.24673907200004,0.0,39637,blkgps,511319302001,easternShore,landsat8_c2_l2_data/easternShore/clipped/LC08_L2SP_014034_20200722_20200911_02_T1_ST_B10_easternShore_clipped.TIF,0.0,LC80140342020204LGN00,2020-07-22,2020-07-22,2020,2020,9.85,2638.322017,100.0,"[[-77.04157, 36.40784], [-77.04157, 38.52658], [-74.42752, 38.52658], [-74.42752, 36.40784], [-77.04157, 36.40784]]","[[-77.04157, 36.80667], [-74.96588, 36.40784], [-74.42752, 38.12646], [-76.55134, 38.52658], [-77.04157, 36.80667]]"
54,LC08_L2SP_014034_20200722_20200911_02_T1,79.47712900400003,104.03150108000001,88.70885580415268,39602,87.47529580400001,0.0,49102,blkgps,511319301001,easternShore,landsat8_c2_l2_data/easternShore/clipped/LC08_L2SP_014034_20200722_20200911_02_T1_ST_B10_easternShore_clipped.TIF,0.0,LC80140342020204LGN00,2020-07-22,2020-07-22,2020,2020,9.85,2638.322017,100.0,"[[-77.04157, 36.40784], [-77.04157, 38.52658], [-74.42752, 38.52658], [-74.42752, 36.40784], [-77.04157, 36.40784]]","[[-77.04157, 36.80667], [-74.96588, 36.40784], [-74.42752, 38.12646], [-76.55134, 38.52658], [-77.04157, 36.80667]]"
55,LC08_L2SP_014034_20200722_20200911_02_T1,80.20926888799997,120.45850520000003,95.0372595049345,89886,94.09531693999998,0.0,252418,blkgps,511319303004,easternShore,landsat8_c2_l2_data/easternShore/clipped/LC08_L2SP_014034_20200722_20200911_02_T1_ST_B10_easternShore_clipped.TIF,0.0,LC80140342020204LGN00,2020-07-22,2020-07-22,2020,2020,9.85,2638.322017,100.0,"[[-77.04157, 36.40784], [-77.04157, 38.52658], [-74.42752, 38.52658], [-74.42752, 36.40784], [-77.04157, 36.40784]]","[[-77.04157, 36.80667], [-74.96588, 36.40784], [-74.42752, 38.12646], [-76.55134, 38.52658], [-77.04157, 36.80667]]"
56,LC08_L2SP_014034_20200722_20200911_02_T1,83.1870479120001,108.90423039200006,91.00618568817245,7888,89.75169712400003,0.0,8590,blkgps,511319301003,easternShore,landsat8_c2_l2_data/easternShore/clipped/LC08_L2SP_014034_20200722_20200911_02_T1_ST_B10_easternShore_clipped.TIF,0.0,LC80140342020204LGN00,2020-07-22,2020-07-22,2020,2020,9.85,2638.322017,100.0,"[[-77.04157, 36.40784], [-77.04157, 38.52658], [-74.42752, 38.52658], [-74.42752, 36.40784], [-77.04157, 36.40784]]","[[-77.04157, 36.80667], [-74.96588, 36.40784], [-74.42752, 38.12646], [-76.55134, 38.52658], [-77.04157, 36.80667]]"
57,LC08_L2SP_014034_20200722_20200911_02_T1,86.53397309600001,116.42865962000006,100.24670258395379,15042,100.07856095000002,0.0,7002,blkgps,511319303002,easternShore,landsat8_c2_l2_data/easternShore/clipped/LC08_L2SP_014034_20200722_20200911_02_T1_ST_B10_easternShore_clipped.TIF,0.0,LC80140342020204LGN00,2020-07-22,2020-07-22,2020,2020,9.85,2638.322017,100.0,"[[-77.04157, 36.40784], [-77.04157, 38.52658], [-74.42752, 38.52658], [-74.42752, 36.40784], [-77.04157, 36.40784]]","[[-77.04157, 36.80667], [-74.96588, 36.40784], [-74.42752, 38.12646], [-76.55134, 38.52658], [-77.04157, 36.80667]]"
58,LC08_L2SP_014034_20200722_20200911_02_T1,86.50936335200001,120.69845020400004,98.96941808796616,23043,98.19899175200001,0.0,15552,blkgps,511319303001,easternShore,landsat8_c2_l2_data/easternShore/clipped/LC08_L2SP_014034_20200722_20200911_02_T1_ST_B10_easternShore_clipped.TIF,0.0,LC80140342020204LGN00,2020-07-22,2020-07-22,2020,2020,9.85,2638.322017,100.0,"[[-77.04157, 36.40784], [-77.04157, 38.52658], [-74.42752, 38.52658], [-74.42752, 36.40784], [-77.04157, 36.40784]]","[[-77.04157, 36.80667], [-74.96588, 36.40784], [-74.42752, 38.12646], [-76.55134, 38.52658], [-77.04157, 36.80667]]"
59,LC08_L2SP_014034_20200722_20200911_02_T1,76.4685878000001,123.430131788,94.32652545643492,95168,90.21312982400002,0.0,569832,blkgps,511319303003,easternShore,landsat8_c2_l2_data/easternShore/clipped/LC08_L2SP_014034_20200722_20200911_02_T1_ST_B10_easternShore_clipped.TIF,0.0,LC80140342020204LGN00,2020-07-22,2020-07-22,2020,2020,9.85,2638.322017,100.0,"[[-77.04157, 36.40784], [-77.04157, 38.52658], [-74.42752, 38.52658], [-74.42752, 36.40784], [-77.04157, 36.40784]]","[[-77.04157, 36.80667], [-74.96588, 36.40784], [-74.42752, 38.12646], [-76.55134, 38.52658], [-77.04157, 36.80667]]"
60,LC08_L2SP_014034_20200722_20200911_02_T1,87.01386310400002,121.16603534000008,98.47285244590955,37213,98.11285764800006,0.0,30883,blkgps,511319302003,easternShore,landsat8_c2_l2_data/easternShore/clipped/LC08_L2SP_014034_20200722_20200911_02_T1_ST_B10_easternShore_clipped.TIF,0.0,LC80140342020204LGN00,2020-07-22,2020-07-22,2020,2020,9.85,2638.322017,100.0,"[[-77.04157, 36.40784], [-77.04157, 38.52658], [-74.42752, 38.52658], [-74.42752, 36.40784], [-77.04157, 36.40784]]","[[-77.04157, 36.80667], [-74.96588, 36.40784], [-74.42752, 38.12646], [-76.55134, 38.52658], [-77.04157, 36.80667]]"
61,LC08_L2SP_014034_20200722_20200911_02_T1,76.45013049200006,119.91093839599999,95.62660624010826,85178,93.83691462800002,0.0,188862,blkgps,511319302004,easternShore,landsat8_c2_l2_data/easternShore/clipped/LC08_L2SP_014034_20200722_20200911_02_T1_ST_B10_easternShore_clipped.TIF,0.0,LC80140342020204LGN00,2020-07-22,2020-07-22,2020,2020,9.85,2638.322017,100.0,"[[-77.04157, 36.40784], [-77.04157, 38.52658], [-74.42752, 38.52658], [-74.42752, 36.40784], [-77.04157, 36.40784]]","[[-77.04157, 36.80667], [-74.96588, 36.40784], [-74.42752, 38.12646], [-76.55134, 38.52658], [-77.04157, 36.80667]]"
62,LC08_L2SP_014034_20200722_20200911_02_T1,77.51450192,107.80294434800003,90.84213808204879,38412,90.26850174800003,0.0,36926,blkgps,511319301002,easternShore,landsat8_c2_l2_data/easternShore/clipped/LC08_L2SP_014034_20200722_20200911_02_T1_ST_B10_easternShore_clipped.TIF,0.0,LC80140342020204LGN00,2020-07-22,2020-07-22,2020,2020,9.85,2638.322017,100.0,"[[-77.04157, 36.40784], [-77.04157, 38.52658], [-74.42752, 38.52658], [-74.42752, 36.40784], [-77.04157, 36.40784]]","[[-77.04157, 36.80667], [-74.96588, 36.40784], [-74.42752, 38.12646], [-76.55134, 38.52658], [-77.04157, 36.80667]]"
63,LC08_L2SP_014034_20200722_20200911_02_T1,67.95976881200005,111.62975953999997,87.77443616567882,65183,87.31533246800001,1.0,322321,blkgps,511319301004,easternShore,landsat8_c2_l2_data/easternShore/clipped/LC08_L2SP_014034_20200722_20200911_02_T1_ST_B10_easternShore_clipped.TIF,1.5341188021600392e-05,LC80140342020204LGN00,2020-07-22,2020-07-22,2020,2020,9.85,2638.322017,100.0,"[[-77.04157, 36.40784], [-77.04157, 38.52658], [-74.42752, 38.52658], [-74.42752, 36.40784], [-77.04157, 36.40784]]","[[-77.04157, 36.80667], [-74.96588, 36.40784], [-74.42752, 38.12646], [-76.55134, 38.52658], [-77.04157, 36.80667]]"
