"w_geocode","avgc_allworkers","medc_allworkers","workersinBlockall","liveoutsideRegion","liveinsideRegion","perc_workers_liveinRegion","perc_workers_liveoutsideRegion","avgc_livewithin40","medc_livewithin40","workerw40","avgc_25_res","medc_25_res","workers25"
"510010901001000",26.6751919774187,6.98200202983981,37,4,33,89.1891891891892,10.8108108108108,7.95423275278321,2.18120680258021,33,7.95423275278321,2.18120680258021,33
"510010901001007",3.33791584961897,1.98648656703223,9,0,9,100,0,3.33791584961897,1.98648656703223,9,3.33791584961897,1.98648656703223,9
"510010901001008",17.3000610402879,9.44203178011054,18,3,15,83.3333333333333,16.6666666666667,8.99118538685042,4.17546336681314,15,8.99118538685042,4.17546336681314,15
"510010901001018",15.376959780995,3.03517017874795,55,4,51,92.7272727272727,7.27272727272727,5.91483040241644,2.66402665274637,50,6.85365934559623,2.67565215981737,50
"510010901001022",19.0645642698502,4.67177163471007,49,4,45,91.8367346938776,8.16326530612245,6.49362991241588,3.13207317902615,44,7.33742988563904,3.14118472528813,45
"510010901001031",14.6531905676268,1.65013589778501,76,6,70,92.1052631578947,7.89473684210526,4.95674155624294,1.39523559683062,67,6.56706056364434,1.44518723837055,70
"510010901001035",5.35562207765038,2.03137111439308,4,0,4,100,0,5.35562207765038,2.03137111439308,4,5.35562207765038,2.03137111439308,4
"510010901001054",6.77822528485308,2.76933409807622,4,0,4,100,0,6.77822528485308,2.76933409807622,4,6.77822528485308,2.76933409807622,4
"510010901001055",1.04313142190793,1.04313142190793,1,0,1,100,0,1.04313142190793,1.04313142190793,1,1.04313142190793,1.04313142190793,1
"510010901001060",49.6150223796354,14.2130616429461,6,2,4,66.6666666666667,33.3333333333333,7.91373084645185,2.24755241543278,4,7.91373084645185,2.24755241543278,4
"510010901001064",62.7282780676015,62.7282780676015,2,1,1,50,50,0.56937800118246,0.56937800118246,1,0.56937800118246,0.56937800118246,1
"510010901001065",12.2955570695149,1.44087093777686,22,1,21,95.4545454545455,4.54545454545455,3.99629607376121,1.30938415526363,21,3.99629607376121,1.30938415526363,21
"510010901001066",10.6506923007988,1.11051894854472,67,2,65,97.0149253731343,2.98507462686567,5.42694316870228,1.11051894854472,64,5.9962824700137,1.11051894854472,64
"510010901001068",8.65982982100521,1.86644001875667,12,1,11,91.6666666666667,8.33333333333333,4.45434177409599,1.65531431651213,11,4.45434177409599,1.65531431651213,11
"510010901001074",11.5911526576623,1.1448523632182,90,5,85,94.4444444444444,5.55555555555556,5.72053253800159,0.932202274689196,83,6.61287646889862,0.932202274689196,85
"510010901002000",40.6896753146654,8.59188926989499,23,3,20,86.9565217391304,13.0434782608696,7.69415150827311,5.2897860194335,19,9.48372595837879,6.91874182226263,20
"510010901002006",24.9429231025789,9.68855153172501,10,2,8,80,20,6.31556575116613,4.7088044358171,8,6.31556575116613,4.7088044358171,8
"510010901002007",7.39476605493514,1.76352393962789,11,0,11,100,0,7.39476605493514,1.76352393962789,11,7.39476605493514,1.76352393962789,11
"510010901002008",14.0677860203187,1.47975528199809,49,5,44,89.7959183673469,10.2040816326531,4.47707534532919,1.25186582353962,44,4.47707534532919,1.25186582353962,44
"510010901002009",10.9572931503751,1.7121927574251,28,2,26,92.8571428571429,7.14285714285714,4.05864155658605,1.57670555315127,26,4.05864155658605,1.57670555315127,26
"510010901002010",0.171490835714801,0.171490835714801,1,0,1,100,0,0.171490835714801,0.171490835714801,1,0.171490835714801,0.171490835714801,1
"510010901002017",5.85772326313025,5.85772326313025,2,0,2,100,0,5.85772326313025,5.85772326313025,2,5.85772326313025,5.85772326313025,2
"510010901002019",1.30875057441955,0.821140586035884,6,0,6,100,0,1.30875057441955,0.821140586035884,6,0.682439931768533,0.800346912186878,5
"510010901002021",3.67106932156039,1.65997897621258,3,0,3,100,0,3.67106932156039,1.65997897621258,3,3.67106932156039,1.65997897621258,3
"510010901002022",1.64950969114935,1.85287613762238,3,0,3,100,0,1.64950969114935,1.85287613762238,3,1.64950969114935,1.85287613762238,3
"510010901002025",19.1150918623281,1.27474923160589,40,5,35,87.5,12.5,4.93938041362441,0.815556178304959,35,4.93938041362441,0.815556178304959,35
"510010901002031",4.90806050562071,1.28974540448306,12,0,12,100,0,4.90806050562071,1.28974540448306,12,4.90806050562071,1.28974540448306,12
"510010901002035",15.9760482910961,15.9760482910961,1,0,1,100,0,15.9760482910961,15.9760482910961,1,15.9760482910961,15.9760482910961,1
"510010901002039",21.6398028078668,2.5812295331234,3,1,2,66.6666666666667,33.3333333333333,1.77114272403445,1.77114272403445,2,1.77114272403445,1.77114272403445,2
"510010901003000",14.6834643782262,2.18572792071155,132,8,124,93.9393939393939,6.06060606060606,6.42731605207913,1.95240012494106,124,6.42731605207913,1.95240012494106,124
"510010901003011",4.26106469516437,1.81506617448308,4,0,4,100,0,4.26106469516437,1.81506617448308,4,4.26106469516437,1.81506617448308,4
"510010901003030",20.7243909273757,1.87159196016319,9,1,8,88.8888888888889,11.1111111111111,7.28554116915601,1.38757764056519,8,7.28554116915601,1.38757764056519,8
"510010901003036",1.09748266856945,1.09748266856945,2,0,2,100,0,1.09748266856945,1.09748266856945,2,1.09748266856945,1.09748266856945,2
"510010901004007",12.5071918995045,2.21186975974497,56,5,51,91.0714285714286,8.92857142857143,6.26231235131499,1.72029404087647,50,6.95985469829356,1.73577125419361,51
"510010901004008",7.23159710043553,1.33427512456331,5,0,5,100,0,7.23159710043553,1.33427512456331,5,7.23159710043553,1.33427512456331,5
"510010901004013",21.8209720477639,2.28749188922108,32,4,28,87.5,12.5,6.02395935798658,2.27918503444231,28,6.02395935798658,2.27918503444231,28
"510010901004015",14.2868078692365,14.2868078692365,2,0,2,100,0,14.2868078692365,14.2868078692365,2,14.2868078692365,14.2868078692365,2
"510010901004019",0.547806753239048,0.547806753239048,1,0,1,100,0,0.547806753239048,0.547806753239048,1,0.547806753239048,0.547806753239048,1
"510010901004048",2.5821719090845,2.5821719090845,1,0,1,100,0,2.5821719090845,2.5821719090845,1,2.5821719090845,2.5821719090845,1
"510010901004057",47.9962318362174,12.0486341062386,9,2,7,77.7777777777778,22.2222222222222,11.200082642972,11.6488132850986,7,11.200082642972,11.6488132850986,7
"510010901004058",1.72316751423258,1.07141843695555,5,0,5,100,0,1.72316751423258,1.07141843695555,5,1.72316751423258,1.07141843695555,5
"510010901004074",1.67411423835417,1.14025160334316,11,0,11,100,0,1.67411423835417,1.14025160334316,11,1.67411423835417,1.14025160334316,11
"510010902001005",24.1490027158029,8.21757201741479,8,1,7,87.5,12.5,7.03720762598965,7.30686823421759,7,7.03720762598965,7.30686823421759,7
"510010902001006",59.2966149665506,45.4517049838107,49,25,24,48.9795918367347,51.0204081632653,8.35176399972256,6.97608183074088,24,8.35176399972256,6.97608183074088,24
"510010902001019",77.6565840769806,39.8979005125295,8,4,4,50,50,10.7148797129789,12.1821059936758,4,10.7148797129789,12.1821059936758,4
"510010902001032",22.8751271633635,7.67444710807866,10,2,8,80,20,7.35025980842306,7.12618382481276,8,7.35025980842306,7.12618382481276,8
"510010902001036",113.631405071293,62.2621050222153,3,2,1,33.3333333333333,66.6666666666667,1.79943824286363,1.79943824286363,1,1.79943824286363,1.79943824286363,1
"510010902001045",14.1902756904358,9.55564743469243,3,0,3,100,0,14.1902756904358,9.55564743469243,3,14.1902756904358,9.55564743469243,3
"510010902001057",28.2533219103546,28.2533219103546,2,1,1,50,50,3.24159363159335,3.24159363159335,1,3.24159363159335,3.24159363159335,1
"510010902001058",65.2092267666383,38.6368823010141,20,10,10,50,50,15.8908535781809,12.8881634787071,10,15.8908535781809,12.8881634787071,10
"510010902001059",4.56019378707943,4.56019378707943,1,0,1,100,0,4.56019378707943,4.56019378707943,1,4.56019378707943,4.56019378707943,1
"510010902001064",48.8656154760132,4.90635319585668,3,1,2,66.6666666666667,33.3333333333333,4.09656132418259,4.09656132418259,2,4.09656132418259,4.09656132418259,2
"510010902001094",38.2821985499382,12.5718219676731,19,7,12,63.1578947368421,36.8421052631579,8.70691773209595,8.6662575144871,12,8.70691773209595,8.6662575144871,12
"510010902001097",5.89495663886612,5.89495663886612,2,0,2,100,0,5.89495663886612,5.89495663886612,2,5.89495663886612,5.89495663886612,2
"510010902002003",5.54648866607097,4.05348103293468,5,0,5,100,0,5.54648866607097,4.05348103293468,5,5.54648866607097,4.05348103293468,5
"510010902002019",5.13283591723529,5.13283591723529,1,0,1,100,0,5.13283591723529,5.13283591723529,1,5.13283591723529,5.13283591723529,1
"510010902002066",40.6088484050312,14.2891411330689,35,10,25,71.4285714285714,28.5714285714286,10.0731997985272,8.9587424616891,25,10.0731997985272,8.9587424616891,25
"510010902002080",21.073615265516,21.073615265516,2,0,2,100,0,21.073615265516,21.073615265516,2,21.073615265516,21.073615265516,2
"510010902002104",14.4471806154081,14.4471806154081,1,0,1,100,0,14.4471806154081,14.4471806154081,1,14.4471806154081,14.4471806154081,1
"510010902002107",39.1137797418414,13.4039742193405,35,11,24,68.5714285714286,31.4285714285714,12.371509290252,6.79419525265333,24,12.371509290252,6.79419525265333,24
"510010902002125",36.3375882929659,10.1933166720989,58,18,40,68.9655172413793,31.0344827586207,8.40767010324465,8.01484501614055,41,7.68337677744941,7.93172328696353,40
"510010902002138",44.0480425272079,11.8055067323512,8,2,6,75,25,12.3440310791474,9.87468197275912,6,12.3440310791474,9.87468197275912,6
"510010902002143",69.7537245881407,15.0382800202989,30,11,19,63.3333333333333,36.6666666666667,11.2398166965994,9.43062051603337,19,11.2398166965994,9.43062051603337,19
"510010902002163",9.90127880661196,9.90127880661196,1,0,1,100,0,9.90127880661196,9.90127880661196,1,9.90127880661196,9.90127880661196,1
"510010902002174",16.6115741579307,13.0456768636513,8,1,7,87.5,12.5,12.7368265078151,11.0282984067211,7,12.7368265078151,11.0282984067211,7
"510010902002183",26.7875930862657,10.5423660394427,45,12,33,73.3333333333333,26.6666666666667,8.73502305060796,4.959851726057,33,8.73502305060796,4.959851726057,33
"510010902002196",29.7728220050148,9.3348527306447,29,8,21,72.4137931034483,27.5862068965517,8.47736933739383,7.58205065842556,21,8.47736933739383,7.58205065842556,21
"510010902002200",8.31358366804893,9.73290485832434,3,0,3,100,0,8.31358366804893,9.73290485832434,3,8.31358366804893,9.73290485832434,3
"510010902002201",76.7536334734178,14.718909322579,7,3,4,57.1428571428571,42.8571428571429,5.74634840232676,3.88774874292825,4,5.74634840232676,3.88774874292825,4
"510010902002202",73.8146178690545,62.7286261615118,8,6,2,25,75,3.96515186481164,3.96515186481164,2,3.96515186481164,3.96515186481164,2
"510010902002206",49.6781563228102,10.1687690237794,24,8,16,66.6666666666667,33.3333333333333,9.18874572551986,8.14694666875046,16,9.18874572551986,8.14694666875046,16
"510010902002212",51.4424984943608,18.2473363838301,58,26,32,55.1724137931034,44.8275862068966,8.43203413251846,7.41626008198431,32,8.43203413251846,7.41626008198431,32
"510010902002225",38.9212347949559,15.0942969403006,37,14,23,62.1621621621622,37.8378378378378,8.1514628642055,5.04263804162921,23,8.1514628642055,5.04263804162921,23
"510010902002234",26.4468200137837,5.33436113996545,3,1,2,66.6666666666667,33.3333333333333,5.08824713486942,5.08824713486942,2,5.08824713486942,5.08824713486942,2
"510010902002264",17.7072406634423,17.7072406634423,1,0,1,100,0,17.7072406634423,17.7072406634423,1,17.7072406634423,17.7072406634423,1
"510010902003011",68.5140867379654,50.9168624993231,36,20,16,44.4444444444444,55.5555555555556,12.0456175783049,8.35774900007162,18,8.02350660104223,7.86958281241492,15
"510010902003018",38.509919731722,42.9518149679977,11,7,4,36.3636363636364,63.6363636363636,9.66473049112373,11.3280288008812,4,9.66473049112373,11.3280288008812,4
"510010902003031",8.51423542695497,8.51423542695497,1,0,1,100,0,8.51423542695497,8.51423542695497,1,8.51423542695497,8.51423542695497,1
"510010902003035",50.8100203873578,37.4971533488681,18,10,8,44.4444444444444,55.5555555555556,11.6021754671681,9.54780246951756,9,8.89622675771432,9.14945610246567,8
"510010902003041",39.280323885045,9.14519882767595,17,4,13,76.4705882352941,23.5294117647059,7.18012862131195,8.14348758607671,13,7.18012862131195,8.14348758607671,13
"510010902003044",7.67435767337475,7.67435767337475,1,0,1,100,0,7.67435767337475,7.67435767337475,1,7.67435767337475,7.67435767337475,1
"510010902003050",16.6152352673932,11.3452951903357,5,0,5,100,0,16.6152352673932,11.3452951903357,5,16.6152352673932,11.3452951903357,5
"510010902003067",39.2868834596041,11.5569394917494,1067,272,795,74.5079662605436,25.4920337394564,9.01233839361412,7.75096264928941,796,8.9877573403846,7.75096264928941,794
"510010902003071",41.812050426959,12.7111475535907,212,74,138,65.0943396226415,34.9056603773585,10.3189267615891,8.84063729530214,142,9.52118294436465,8.7639613605069,138
"510010902003081",69.6345407443094,69.6345407443094,2,1,1,50,50,2.84491785445873,2.84491785445873,1,2.84491785445873,2.84491785445873,1
"510010902003085",48.1214338018753,13.0368464362611,8,3,5,62.5,37.5,8.21131561807104,9.99452407249969,5,8.21131561807104,9.99452407249969,5
"510010902003087",75.2305494134451,89.4468194441084,9,5,4,44.4444444444444,55.5555555555556,14.3998548047209,13.4518173999547,4,14.3998548047209,13.4518173999547,4
"510010902003088",54.4804026072201,20.2919646769879,8,3,5,62.5,37.5,11.0903691211843,9.02231471470843,5,11.0903691211843,9.02231471470843,5
"510010902003089",73.2946859494169,73.2946859494169,2,1,1,50,50,9.14115537957529,9.14115537957529,1,9.14115537957529,9.14115537957529,1
"510010902003101",4.70772540384171,4.70772540384171,2,0,2,100,0,4.70772540384171,4.70772540384171,2,4.70772540384171,4.70772540384171,2
"510010902003107",64.026972816819,17.6296079523408,29,14,15,51.7241379310345,48.2758620689655,8.16840143470475,7.72361988046763,15,8.16840143470475,7.72361988046763,15
"510010902003117",92.3775006357815,126.852916192922,5,3,2,40,60,7.28903936584698,7.28903936584698,2,7.28903936584698,7.28903936584698,2
"510010902003133",37.969091108843,25.6158193570306,4,2,2,50,50,5.42123866309996,5.42123866309996,2,5.42123866309996,5.42123866309996,2
"510010902003153",94.6908957259879,75.085081664234,6,4,2,33.3333333333333,66.6666666666667,21.6246665642707,21.6246665642707,2,21.6246665642707,21.6246665642707,2
"510010902003161",102.609787599508,73.6252146136707,4,2,2,50,50,10.6843169630026,10.6843169630026,2,10.6843169630026,10.6843169630026,2
"510010903001012",20.8387552553578,5.66775781646012,9,1,8,88.8888888888889,11.1111111111111,6.73848365099996,5.6013665857044,8,6.73848365099996,5.6013665857044,8
"510010903001018",10.3021314444342,7.24404023905949,46,3,43,93.4782608695652,6.52173913043478,9.57007693103103,7.22172802022813,45,8.25912272836984,7.15862188503728,42
"510010903002012",6.84171558611693,6.84171558611693,2,0,2,100,0,6.84171558611693,6.84171558611693,2,6.84171558611693,6.84171558611693,2
"510010903002040",51.6300948373753,51.6300948373753,2,1,1,50,50,3.95075171187998,3.95075171187998,1,3.95075171187998,3.95075171187998,1
"510010903002067",2.86377373543806,2.92633406282327,3,0,3,100,0,2.86377373543806,2.92633406282327,3,2.86377373543806,2.92633406282327,3
"510010903002070",13.379715394604,5.75238355278513,15,1,14,93.3333333333333,6.66666666666667,6.72720318700558,5.51078567346069,14,6.72720318700558,5.51078567346069,14
"510010903002087",4.34748564830571,4.68319371252414,6,0,6,100,0,4.34748564830571,4.68319371252414,6,4.34748564830571,4.68319371252414,6
"510010903003063",3.56444367847685,3.56444367847685,1,0,1,100,0,3.56444367847685,3.56444367847685,1,3.56444367847685,3.56444367847685,1
"510010903003071",8.67765606174661,4.25624356172169,7,0,7,100,0,8.67765606174661,4.25624356172169,7,8.67765606174661,4.25624356172169,7
"510010903003073",16.8544648180496,16.8544648180496,1,0,1,100,0,16.8544648180496,16.8544648180496,1,16.8544648180496,16.8544648180496,1
"510010904001009",51.0827591350806,12.123485424041,4,1,3,75,25,11.6338804297221,11.7692430399615,3,11.6338804297221,11.7692430399615,3
"510010904001032",14.3687347214235,11.3666558768711,4,0,4,100,0,14.3687347214235,11.3666558768711,4,14.3687347214235,11.3666558768711,4
"510010904001038",13.7887296079147,15.0187474267528,4,0,4,100,0,13.7887296079147,15.0187474267528,4,13.7887296079147,15.0187474267528,4
"510010904001041",1.41722325570421,1.41722325570421,1,0,1,100,0,1.41722325570421,1.41722325570421,1,1.41722325570421,1.41722325570421,1
"510010904001048",13.6884109263732,5.14173768537447,17,2,15,88.2352941176471,11.7647058823529,7.18848335716662,4.80433452269139,15,7.18848335716662,4.80433452269139,15
"510010904001052",6.61669374940314,8.96263634499448,3,0,3,100,0,6.61669374940314,8.96263634499448,3,6.61669374940314,8.96263634499448,3
"510010904001062",29.5609588395913,10.8976403878956,13,4,9,69.2307692307692,30.7692307692308,8.75606628600243,7.47788970100405,9,8.75606628600243,7.47788970100405,9
"510010904002000",40.8109774529209,12.3922492251549,27,5,22,81.4814814814815,18.5185185185185,11.5963768025169,8.8935851687073,22,11.5963768025169,8.8935851687073,22
"510010904002024",8.58061148364902,8.58061148364902,1,0,1,100,0,8.58061148364902,8.58061148364902,1,8.58061148364902,8.58061148364902,1
"510010904002028",2.93876794038859,1.56688461285639,5,0,5,100,0,2.93876794038859,1.56688461285639,5,2.93876794038859,1.56688461285639,5
"510010904002031",24.1086375082533,9.95976828856501,39,9,30,76.9230769230769,23.0769230769231,7.90134895924564,5.37127155943368,30,7.90134895924564,5.37127155943368,30
"510010904002059",13.0710547218019,13.0710547218019,1,0,1,100,0,13.0710547218019,13.0710547218019,1,13.0710547218019,13.0710547218019,1
"510010904002077",1.3852283039126,1.3852283039126,1,0,1,100,0,1.3852283039126,1.3852283039126,1,1.3852283039126,1.3852283039126,1
"510010904002080",31.3466538861355,31.3466538861355,2,1,1,50,50,31.3466538861355,31.3466538861355,2,25.4912805714935,25.4912805714935,1
"510010904002081",9.7994022384795,9.7994022384795,1,0,1,100,0,9.7994022384795,9.7994022384795,1,9.7994022384795,9.7994022384795,1
"510010904002085",6.82513721192589,6.82513721192589,2,0,2,100,0,6.82513721192589,6.82513721192589,2,6.82513721192589,6.82513721192589,2
"510010904002090",27.0179718300562,5.20811130675352,6,1,5,83.3333333333333,16.6666666666667,5.66128489690575,5.20811130675352,5,5.66128489690575,5.20811130675352,5
"510010904002110",2.19504354609003,2.19504354609003,1,0,1,100,0,2.19504354609003,2.19504354609003,1,2.19504354609003,2.19504354609003,1
"510010904002182",6.74647601371174,4.4827929611854,6,0,6,100,0,6.74647601371174,4.4827929611854,6,6.74647601371174,4.4827929611854,6
"510010904002185",123.088863050225,2.21378932038415,3,1,2,66.6666666666667,33.3333333333333,1.78224382922651,1.78224382922651,2,1.78224382922651,1.78224382922651,2
"510010904003040",45.0418851098911,14.6436060279097,6,2,4,66.6666666666667,33.3333333333333,14.4663161841375,12.6645703575388,5,8.3897273931793,8.2109077799252,4
"510010904003042",38.2875266216889,10.0443580054243,113,24,89,78.7610619469027,21.2389380530973,9.79331055846846,7.66601821575607,90,9.46295157351214,7.60382137379551,89
"510010904003061",2.09227920664519,1.51062337509041,3,0,3,100,0,2.09227920664519,1.51062337509041,3,2.09227920664519,1.51062337509041,3
"510010904003075",22.2061192170206,8.06262074715021,42,8,34,80.9523809523809,19.047619047619,7.5093056660447,5.56195792569529,34,7.5093056660447,5.56195792569529,34
"510010904003080",23.6267578125649,9.23103481614972,24,3,21,87.5,12.5,12.0433383760745,8.74061115813165,22,11.0067029118101,8.64423461151402,21
"510010904003083",3.53742288106223,3.53742288106223,1,0,1,100,0,3.53742288106223,3.53742288106223,1,3.53742288106223,3.53742288106223,1
"510010904003095",17.6256649627076,9.77063982404488,4,1,3,75,25,7.61971223657423,9.47171554519758,3,7.61971223657423,9.47171554519758,3
"510010904003117",2.76518072330234,2.76518072330234,2,0,2,100,0,2.76518072330234,2.76518072330234,2,2.76518072330234,2.76518072330234,2
"510010904003118",69.6801382377229,69.6801382377229,2,1,1,50,50,7.21969148733155,7.21969148733155,1,7.21969148733155,7.21969148733155,1
"510010904004004",82.7925233117521,55.0839969081719,5,3,2,40,60,4.62609650880783,4.62609650880783,2,4.62609650880783,4.62609650880783,2
"510010904004030",14.7360526622265,9.33277424251144,26,2,24,92.3076923076923,7.69230769230769,10.2438774875228,8.7062137143329,24,10.2438774875228,8.7062137143329,24
"510010904004043",21.4184699063676,5.42751581576199,24,2,22,91.6666666666667,8.33333333333333,5.18199980891094,3.45117135775729,22,5.18199980891094,3.45117135775729,22
"510010904004066",7.97326918936952,6.96020612688679,7,0,7,100,0,7.97326918936952,6.96020612688679,7,7.97326918936952,6.96020612688679,7
"510010904004085",2.83424317761864,2.83424317761864,2,0,2,100,0,2.83424317761864,2.83424317761864,2,2.83424317761864,2.83424317761864,2
"510010904004089",31.975364061025,11.868040890816,21,3,18,85.7142857142857,14.2857142857143,11.4863479265575,10.8260202943661,18,11.4863479265575,10.8260202943661,18
"510010904004090",21.2753833386906,8.6005328170415,1163,138,1025,88.134135855546,11.865864144454,9.48751240551269,6.95107866231893,1042,9.09315902512696,6.88679750153488,1024
"510010904004092",48.8233754499116,14.2926517948511,8,2,6,75,25,11.4128678058026,12.1735978078993,6,11.4128678058026,12.1735978078993,6
"510010904004094",23.4420687613562,6.96987811380581,116,15,101,87.0689655172414,12.9310344827586,8.53838398946001,5.91170121230885,101,8.53838398946001,5.91170121230885,101
"510010904004095",13.1628044426758,7.61343390153675,6,1,5,83.3333333333333,16.6666666666667,6.81766843431911,5.85037283321104,5,6.81766843431911,5.85037283321104,5
"510010904004096",10.5790397038407,7.11441244557054,47,2,45,95.7446808510638,4.25531914893617,8.94009666709056,6.52326505921534,45,8.94009666709056,6.52326505921534,45
"510010904004097",19.5923756436018,4.80648719945898,23,3,20,86.9565217391304,13.0434782608696,8.18455709078161,4.77882638321651,21,6.60049631891936,4.62834138618066,20
"510010904004100",30.0051963007162,7.87728043447127,25,4,21,84,16,7.47531345365221,6.5118018817684,21,7.47531345365221,6.5118018817684,21
"510010904004102",16.5504927143126,11.104511068655,10,1,9,90,10,11.2413511422806,10.6759442950148,9,11.2413511422806,10.6759442950148,9
"510010904004113",9.6598118730776,9.06319398616804,11,0,11,100,0,9.6598118730776,9.06319398616804,11,9.6598118730776,9.06319398616804,11
"510010904004114",80.0945584659115,31.5305144286885,5,3,2,40,60,19.3427312339147,18.8777045377843,3,13.2488396365277,13.2488396365277,2
"510010904004117",58.2802029922786,8.70731254726657,6,2,4,66.6666666666667,33.3333333333333,6.26130385389864,5.75757829249482,4,6.26130385389864,5.75757829249482,4
"510010904004151",10.7304576952782,10.7304576952782,2,0,2,100,0,10.7304576952782,10.7304576952782,2,10.7304576952782,10.7304576952782,2
"510010904004153",10.8287705821979,12.342903711812,9,0,9,100,0,10.8287705821979,12.342903711812,9,10.8287705821979,12.342903711812,9
"510010904004157",2.63026812730623,2.85372386604078,3,0,3,100,0,2.63026812730623,2.85372386604078,3,2.63026812730623,2.85372386604078,3
"510010904004161",20.0450647725277,11.4167505386496,15,2,13,86.6666666666667,13.3333333333333,11.6830302677696,9.02591518509421,13,11.6830302677696,9.02591518509421,13
"510010905001052",3.20884785416647,3.20884785416647,2,0,2,100,0,3.20884785416647,3.20884785416647,2,3.20884785416647,3.20884785416647,2
"510010905001071",60.5225168775531,60.5225168775531,2,1,1,50,50,12.0591702404022,12.0591702404022,1,12.0591702404022,12.0591702404022,1
"510010905001079",6.94411819947237,5.48318533241988,3,0,3,100,0,6.94411819947237,5.48318533241988,3,6.94411819947237,5.48318533241988,3
"510010905002004",6.77806104398977,3.27565835529765,4,0,4,100,0,6.77806104398977,3.27565835529765,4,6.77806104398977,3.27565835529765,4
"510010905002052",6.65856366994565,6.65856366994565,1,0,1,100,0,6.65856366994565,6.65856366994565,1,6.65856366994565,6.65856366994565,1
"510010905002075",7.63444589943249,6.52117789672312,14,0,14,100,0,7.63444589943249,6.52117789672312,14,7.63444589943249,6.52117789672312,14
"510010905002076",19.9658929006545,9.27250938095996,11,1,10,90.9090909090909,9.09090909090909,9.32435002319827,8.00909425112359,10,9.32435002319827,8.00909425112359,10
"510010905002077",23.5886091799855,23.6601956391667,4,1,3,75,25,17.3682621215052,23.6433014587056,3,17.3682621215052,23.6433014587056,3
"510010905002080",67.4614724274558,67.4614724274558,2,1,1,50,50,4.96627892168459,4.96627892168459,1,4.96627892168459,4.96627892168459,1
"510010905002083",4.18986935477929,1.90514469394145,5,0,5,100,0,4.18986935477929,1.90514469394145,5,4.18986935477929,1.90514469394145,5
"510010905002084",17.6957308751216,6.47441104404634,43,6,37,86.046511627907,13.953488372093,6.17672076690303,5.75695611378458,37,6.17672076690303,5.75695611378458,37
"510010905002085",2.09367712871539,2.09367712871539,1,0,1,100,0,2.09367712871539,2.09367712871539,1,2.09367712871539,2.09367712871539,1
"510010905002100",31.5942070754448,6.66745118512545,16,3,13,81.25,18.75,7.33850617692072,5.86236216852616,13,7.33850617692072,5.86236216852616,13
"510010905002101",7.87797336766181,6.81991567803903,5,0,5,100,0,7.87797336766181,6.81991567803903,5,7.87797336766181,6.81991567803903,5
"510010905002112",11.4020790660397,13.717148247734,3,0,3,100,0,11.4020790660397,13.717148247734,3,11.4020790660397,13.717148247734,3
"510010905002114",29.6714610880389,9.80580735659446,74,14,60,81.0810810810811,18.9189189189189,8.36392286339322,6.37113499224977,61,7.9215296805157,6.35070241272768,60
"510010905002121",4.63093560753448,5.44794276353569,6,0,6,100,0,4.63093560753448,5.44794276353569,6,4.63093560753448,5.44794276353569,6
"510010905003007",22.6950430785486,7.21076274886774,52,4,48,92.3076923076923,7.69230769230769,8.22327364081791,6.76018059419645,48,8.22327364081791,6.76018059419645,48
"510010905003010",3.56275156704895,3.56275156704895,1,0,1,100,0,3.56275156704895,3.56275156704895,1,3.56275156704895,3.56275156704895,1
"510010905003039",27.821714668249,5.6834971208425,14,3,11,78.5714285714286,21.4285714285714,5.9563825207376,4.8745641961554,11,5.9563825207376,4.8745641961554,11
"510010905003051",5.89090006220042,5.89090006220042,1,0,1,100,0,5.89090006220042,5.89090006220042,1,5.89090006220042,5.89090006220042,1
"510010905003052",33.1962692525313,9.91387104323811,35,8,27,77.1428571428572,22.8571428571429,8.19654607272114,5.09267942016857,27,8.19654607272114,5.09267942016857,27
"510010905003063",118.471061192827,134.739793739863,5,3,2,40,60,6.69323521595682,6.69323521595682,2,6.69323521595682,6.69323521595682,2
"510010905003065",25.1703810129424,11.0039967509837,66,10,56,84.8484848484848,15.1515151515152,10.3157215176435,8.82963523728046,56,10.3157215176435,8.82963523728046,56
"510010905003067",38.1486677529704,8.94911739022891,102,24,78,76.4705882352941,23.5294117647059,7.68342022164669,6.12280223627283,78,7.68342022164669,6.12280223627283,78
"510010905003068",35.732757237832,9.11223101888094,1431,333,1098,76.7295597484277,23.2704402515723,8.14950671289137,6.4264233569183,1107,7.92629640978711,6.2424343752053,1098
"510010905003070",61.3823109668291,61.3823109668291,2,1,1,50,50,9.86159183570962,9.86159183570962,1,9.86159183570962,9.86159183570962,1
"510010905003096",7.02664396908382,7.40246675741804,6,0,6,100,0,7.02664396908382,7.40246675741804,6,7.02664396908382,7.40246675741804,6
"510010905003097",24.4391479138145,3.63547478677687,5,1,4,80,20,4.01243048195146,3.35280042076924,4,4.01243048195146,3.35280042076924,4
"510010905003106",2.38390918162929,2.38390918162929,1,0,1,100,0,2.38390918162929,2.38390918162929,1,2.38390918162929,2.38390918162929,1
"510010905003120",18.0862549113295,8.69715816169462,31,3,28,90.3225806451613,9.67741935483871,8.90004013586037,7.80844667177065,28,8.90004013586037,7.80844667177065,28
"510010905003121",23.7069700303662,9.48086010797448,125,13,112,89.6,10.4,9.99750733047073,8.64487787073696,112,9.99750733047073,8.64487787073696,112
"510010906001043",34.1918313169565,24.8642671241279,7,3,4,57.1428571428571,42.8571428571429,24.1491524303268,23.1981088188868,6,20.6632329453583,19.837677712997,4
"510010906001082",33.821057397842,23.0661683464144,5,1,4,80,20,22.1527326469032,22.0129748533257,4,22.1527326469032,22.0129748533257,4
"510010906001095",22.8170580498904,17.9858716689067,3,0,3,100,0,22.8170580498904,17.9858716689067,3,22.8170580498904,17.9858716689067,3
"510010906001099",33.5290154595375,33.5290154595375,2,1,1,50,50,33.5290154595375,33.5290154595375,2,29.2678667914022,29.2678667914022,1
"510010906002062",3.12948879751252,3.23329501677348,3,0,3,100,0,3.12948879751252,3.23329501677348,3,3.12948879751252,3.23329501677348,3
"510010906002095",53.3466969307053,25.530737916977,3,2,1,33.3333333333333,66.6666666666667,21.1970139906944,21.1970139906944,2,16.8632900644119,16.8632900644119,1
"510010906002098",5.84762827115438,5.84762827115438,2,0,2,100,0,5.84762827115438,5.84762827115438,2,5.84762827115438,5.84762827115438,2
"510010906002123",31.3311217568014,6.9315670855636,4,1,3,75,25,5.48346560490422,2.91598390095327,3,5.48346560490422,2.91598390095327,3
"510010906002129",8.60466856114382,8.60466856114382,1,0,1,100,0,8.60466856114382,8.60466856114382,1,8.60466856114382,8.60466856114382,1
"510010906002131",30.4731471088053,5.93738760874031,3,1,2,66.6666666666667,33.3333333333333,4.72850026731114,4.72850026731114,2,4.72850026731114,4.72850026731114,2
"510010906003000",72.4413236687936,49.1049831462859,12,8,4,33.3333333333333,66.6666666666667,16.3737517076535,12.686949799777,5,11.1658100942093,10.493842458795,4
"510010906003004",28.8051754904816,24.512992719122,5,1,4,80,20,17.6327010903536,20.773434027841,4,17.6327010903536,20.773434027841,4
"510010906003005",23.5494510649097,23.5494510649097,2,1,1,50,50,1.55849807562203,1.55849807562203,1,1.55849807562203,1.55849807562203,1
"510010906003010",13.21639664099,4.47321032910985,24,3,21,87.5,12.5,7.79535436522748,3.36622776819563,22,6.45629635393028,2.45674415209735,21
"510010906003011",36.3174983659694,10.0120499461445,113,34,79,69.9115044247788,30.0884955752212,9.23216760111542,6.21681698651249,84,7.53773572566944,5.55165227030444,79
"510010906003014",26.5357930944093,7.6759894378576,8,1,7,87.5,12.5,7.3284091256751,2.88607502067193,7,7.3284091256751,2.88607502067193,7
"510010906003020",32.8374217651961,6.86120412070703,22,6,16,72.7272727272727,27.2727272727273,7.13172808889702,6.24689889121967,16,7.13172808889702,6.24689889121967,16
"510010906003022",30.6437760988698,7.57383570162396,5,1,4,80,20,4.78352173946078,5.20765819781538,4,4.78352173946078,5.20765819781538,4
"510010906003024",14.5477005212669,17.8934923918137,10,0,10,100,0,14.5477005212669,17.8934923918137,10,14.5477005212669,17.8934923918137,10
"510010906003025",16.9854794935196,4.84387289676231,3,1,2,66.6666666666667,33.3333333333333,2.51122171534534,2.51122171534534,2,2.51122171534534,2.51122171534534,2
"510010906003026",0.354537981152622,0.354537981152622,1,0,1,100,0,0.354537981152622,0.354537981152622,1,0.354537981152622,0.354537981152622,1
"510010906003028",20.8471625601047,0.809410490846901,3,1,2,66.6666666666667,33.3333333333333,0.635220998773606,0.635220998773606,2,0.635220998773606,0.635220998773606,2
"510010906003029",40.0189805228188,8.11872835758034,30,8,22,73.3333333333333,26.6666666666667,6.64708742579085,4.62012986880284,22,6.64708742579085,4.62012986880284,22
"510010906003030",16.5711593463503,2.43901064255221,16,3,13,81.25,18.75,3.676740958637,1.44319630851907,13,3.676740958637,1.44319630851907,13
"510010906003031",58.4876390756132,10.3816865231367,16,6,10,62.5,37.5,7.17651248288323,2.66269858798092,11,4.22697937154934,2.10377093356247,10
"510010906003046",1.16990477754596,1.16990477754596,1,0,1,100,0,1.16990477754596,1.16990477754596,1,1.16990477754596,1.16990477754596,1
"510010906003055",79.6807552112024,9.6159482896841,4,1,3,75,25,8.82606542731011,9.61550833824957,3,8.82606542731011,9.61550833824957,3
"510010906003056",35.0136981551542,9.31016358042447,39,14,25,64.1025641025641,35.8974358974359,6.62859670412742,4.37011776552582,26,5.34506955609132,4.30287690809434,25
"510010906004000",45.8678734753525,10.5304132967579,132,51,81,61.3636363636364,38.6363636363636,9.12271419559707,6.62845878002072,89,6.6423953063075,5.9818247377979,81
"510010906004001",9.54236755019592,9.54236755019592,2,0,2,100,0,9.54236755019592,9.54236755019592,2,9.54236755019592,9.54236755019592,2
"510010906004002",32.7077933187786,18.9865055425086,12,4,8,66.6666666666667,33.3333333333333,13.381243285103,17.8824418311921,8,13.381243285103,17.8824418311921,8
"510010906004005",32.4973337798704,7.56764125110257,21,6,15,71.4285714285714,28.5714285714286,9.04453353379604,5.36573693279508,16,7.12985287431139,4.61110335274776,15
"510010906004008",56.4193466908257,46.7052578970378,10,6,4,40,60,10.6578272806408,6.85461381544459,4,10.6578272806408,6.85461381544459,4
"510010906004010",19.1028062030775,12.6605650950578,4,1,3,75,25,9.80282504276243,10.2157907267665,3,9.80282504276243,10.2157907267665,3
"510010906004015",9.96487878000699,9.96487878000699,1,0,1,100,0,9.96487878000699,9.96487878000699,1,9.96487878000699,9.96487878000699,1
"510010906004019",39.9008675454651,17.5969250842014,199,85,114,57.286432160804,42.713567839196,8.30083247257191,4.98438143513265,119,7.10806618459985,4.92744385503199,114
"510010906004021",36.0783179514866,10.0982051940062,108,30,78,72.2222222222222,27.7777777777778,9.57842153225855,6.43734246964135,83,8.03557849485291,6.35364346297564,78
"510010906004022",48.4202700650042,6.21316450934511,11,5,6,54.5454545454545,45.4545454545455,3.58250932496683,3.56934920096006,6,3.58250932496683,3.56934920096006,6
"510010906004045",14.7715364851687,10.7001278247165,5,1,4,80,20,7.56167821660506,7.54711981792492,4,7.56167821660506,7.54711981792492,4
"510010906004059",5.88892635625071,5.88892635625071,2,0,2,100,0,5.88892635625071,5.88892635625071,2,5.88892635625071,5.88892635625071,2
"510010906004071",5.68442803928957,5.68442803928957,1,0,1,100,0,5.68442803928957,5.68442803928957,1,5.68442803928957,5.68442803928957,1
"510010906004113",4.18217444381162,4.18217444381162,2,0,2,100,0,4.18217444381162,4.18217444381162,2,4.18217444381162,4.18217444381162,2
"510010906004119",38.2264589028649,10.7811717002642,3,1,2,66.6666666666667,33.3333333333333,9.11847107757124,9.11847107757124,2,9.11847107757124,9.11847107757124,2
"510010906004134",6.2520052918411,7.41555338041365,3,0,3,100,0,6.2520052918411,7.41555338041365,3,6.2520052918411,7.41555338041365,3
"510010906004152",9.14810663163266,9.14810663163266,1,0,1,100,0,9.14810663163266,9.14810663163266,1,9.14810663163266,9.14810663163266,1
"510010907001000",41.2069990870496,28.5097127316674,9,5,4,44.4444444444444,55.5555555555556,16.0250958199911,12.2889631179546,6,8.84642031349326,7.28736953284041,4
"510010907001015",68.5542672455093,52.0091490647061,23,16,7,30.4347826086957,69.5652173913043,8.74367333574635,7.05129764721303,7,8.74367333574635,7.05129764721303,7
"510010907001019",18.9588393538772,5.78083687281352,46,6,40,86.9565217391304,13.0434782608696,6.64428440603403,4.17982495716918,41,6.03421049012202,4.04286561331135,40
"510010907001026",58.8436183769388,18.749629176255,30,9,21,70,30,10.7027304858411,9.66835217000243,21,10.7027304858411,9.66835217000243,21
"510010907001030",35.4920321243879,9.90241300734962,109,33,76,69.7247706422018,30.2752293577982,9.38063303723584,6.30905228688824,82,7.44397773343766,5.06732559522888,76
"510010907001031",23.2571211556512,9.73998057409171,11,3,8,72.7272727272727,27.2727272727273,6.72995447770643,4.53078525220147,8,6.72995447770643,4.53078525220147,8
"510010907001036",4.95089004384252,4.85644882611537,4,0,4,100,0,4.95089004384252,4.85644882611537,4,4.95089004384252,4.85644882611537,4
"510010907001038",58.1616299083109,13.3463146442075,8,3,5,62.5,37.5,8.99569769498354,10.8430872131976,5,8.99569769498354,10.8430872131976,5
"510010907001040",0.234313298946898,0.234313298946898,1,0,1,100,0,0.234313298946898,0.234313298946898,1,0.234313298946898,0.234313298946898,1
"510010907001042",64.762843169794,42.3928571761,118,75,43,36.4406779661017,63.5593220338983,13.1628459377977,7.69791306764857,55,7.00886375262226,5.84725990630704,43
"510010907001043",49.576651887367,9.95903811521018,76,22,54,71.0526315789474,28.9473684210526,9.37097259677066,6.41390113931431,56,8.41216199740577,6.29961164905042,54
"510010907001047",7.25155173677459,4.8616714888393,6,0,6,100,0,7.25155173677459,4.8616714888393,6,7.25155173677459,4.8616714888393,6
"510010907001049",9.97729284008518,8.16635601548002,3,0,3,100,0,9.97729284008518,8.16635601548002,3,7.77177189565224,7.77177189565224,2
"510010907001053",1.60259742286313,1.60259742286313,2,0,2,100,0,1.60259742286313,1.60259742286313,2,1.60259742286313,1.60259742286313,2
"510010907001057",16.15160096755,9.67174397434027,11,3,8,72.7272727272727,27.2727272727273,5.8678435858153,4.9880078528651,8,5.8678435858153,4.9880078528651,8
"510010907001060",43.9198895074541,8.9398355641006,3,1,2,66.6666666666667,33.3333333333333,4.85602437893735,4.85602437893735,2,4.85602437893735,4.85602437893735,2
"510010907001066",2.62522327364911,2.62522327364911,1,0,1,100,0,2.62522327364911,2.62522327364911,1,2.62522327364911,2.62522327364911,1
"510010907001088",69.4089122834913,11.4636726764074,12,4,8,66.6666666666667,33.3333333333333,7.5130597476303,5.37547701584945,8,7.5130597476303,5.37547701584945,8
"510010907001089",43.9213059797049,5.37832114302323,5,2,3,60,40,4.43743333469009,4.40370185529734,3,4.43743333469009,4.40370185529734,3
"510010907001092",11.2032253451519,5.8009570479989,28,3,25,89.2857142857143,10.7142857142857,8.95508047413272,5.76723691890143,27,6.54865516833272,5.58564410172819,25
"510010907001094",43.9274414540492,8.48253849513039,9,2,7,77.7777777777778,22.2222222222222,6.93686745700797,7.72351818574335,7,6.93686745700797,7.72351818574335,7
"510010907001099",64.6023945283819,7.20889091016014,26,6,20,76.9230769230769,23.0769230769231,7.75251560853459,6.17234696852105,20,7.75251560853459,6.17234696852105,20
"510010907001104",50.1638875554348,10.5019555420862,118,44,74,62.7118644067797,37.2881355932203,8.72580866839053,5.57855948869885,80,6.66324343119152,5.00620738847786,74
"510010907002002",38.3065996693714,8.51561368572131,13,5,8,61.5384615384615,38.4615384615385,5.26786030409991,5.29958700618893,8,5.26786030409991,5.29958700618893,8
"510010907002006",21.4684043215812,7.69674664961676,287,52,235,81.8815331010453,18.1184668989547,8.48900026572659,6.33476693414727,250,7.01948410890704,5.52962829871964,234
"510010907002012",3.21440255849357,3.29175972995048,3,0,3,100,0,3.21440255849357,3.29175972995048,3,3.21440255849357,3.29175972995048,3
"510010907002015",5.94390930593354,6.08031072197649,5,0,5,100,0,5.94390930593354,6.08031072197649,5,5.94390930593354,6.08031072197649,5
"510010907002022",32.5412716195965,13.6769655346187,21,6,15,71.4285714285714,28.5714285714286,10.2757954618607,8.54980429280277,16,8.98639802985295,8.36162125699621,15
"510010907002029",40.2451351700795,17.6825345637171,5,2,3,60,40,9.37088569840694,7.83675734868289,3,9.37088569840694,7.83675734868289,3
"510010907002036",30.9733016433035,7.15306576714343,16,5,11,68.75,31.25,9.65632030954234,5.7689480047958,13,5.62913261014381,5.49098089403541,11
"510010907002047",41.6802010241196,12.5580527918992,23,8,15,65.2173913043478,34.7826086956522,13.3366292912778,9.04466847768217,19,7.90772053651097,6.10430496197154,15
"510010907002061",25.5559076250481,2.91776737213027,5,1,4,80,20,2.48963033870873,2.46381742429899,4,2.48963033870873,2.46381742429899,4
"510010907002065",2.15192593235675,2.15192593235675,1,0,1,100,0,2.15192593235675,2.15192593235675,1,2.15192593235675,2.15192593235675,1
"510010907002067",4.60673869399309,4.60673869399309,1,0,1,100,0,4.60673869399309,4.60673869399309,1,4.60673869399309,4.60673869399309,1
"510010907003013",46.1701393656623,46.1701393656623,2,1,1,50,50,15.7903487336805,15.7903487336805,1,15.7903487336805,15.7903487336805,1
"510010907003021",91.7233194720825,82.4637184194742,12,7,5,41.6666666666667,58.3333333333333,4.72848729324534,2.79845100591397,5,4.72848729324534,2.79845100591397,5
"510010907003025",5.95678385107835,3.0055437180046,8,0,8,100,0,5.95678385107835,3.0055437180046,8,5.95678385107835,3.0055437180046,8
"510010907003028",41.1950065259116,4.06066954334048,3,1,2,66.6666666666667,33.3333333333333,3.17320862659136,3.17320862659136,2,3.17320862659136,3.17320862659136,2
"510010907003029",51.4875819944975,50.2437075079334,4,2,2,50,50,4.25719595225518,4.25719595225518,2,4.25719595225518,4.25719595225518,2
"510010907003036",9.88074807945502,9.88074807945502,1,0,1,100,0,9.88074807945502,9.88074807945502,1,9.88074807945502,9.88074807945502,1
"510010907003040",20.9710105343927,14.7773298383009,5,2,3,60,40,20.9710105343927,14.7773298383009,5,10.9829491388638,12.5860815398132,3
"510010907003054",2.39821044558645,2.39821044558645,1,0,1,100,0,2.39821044558645,2.39821044558645,1,2.39821044558645,2.39821044558645,1
"510010907004001",2.71460915813112,2.71460915813112,1,0,1,100,0,2.71460915813112,2.71460915813112,1,2.71460915813112,2.71460915813112,1
"510010907004007",18.5972909618015,7.17039142429057,13,2,11,84.6153846153846,15.3846153846154,6.26999484005642,4.58463246416965,11,6.26999484005642,4.58463246416965,11
"510010907004008",57.6279936603806,15.2005883418524,24,11,13,54.1666666666667,45.8333333333333,8.85168196209473,7.17656096129679,14,7.70563613348755,6.09906542558614,13
"510010907004026",7.1278221170659,7.1278221170659,1,0,1,100,0,7.1278221170659,7.1278221170659,1,7.1278221170659,7.1278221170659,1
"510010907004030",2.67549330527502,2.67549330527502,2,0,2,100,0,2.67549330527502,2.67549330527502,2,2.67549330527502,2.67549330527502,2
"510010907004057",45.8262731440421,10.3653656432248,24,6,18,75,25,8.43474168941852,7.0731969723918,19,7.51876148788829,6.84659275723214,18
"510010907004061",14.9792384924751,6.09512704293838,6,1,5,83.3333333333333,16.6666666666667,5.16900381316787,5.97367103015411,5,5.16900381316787,5.97367103015411,5
"510010907004080",5.53027721785497,5.53027721785497,1,0,1,100,0,5.53027721785497,5.53027721785497,1,5.53027721785497,5.53027721785497,1
"510010907004082",4.15615469182298,4.15615469182298,1,0,1,100,0,4.15615469182298,4.15615469182298,1,4.15615469182298,4.15615469182298,1
"510010907004083",58.9202853458269,45.6853691832422,8,4,4,50,50,6.70550090441664,3.99826408665599,4,6.70550090441664,3.99826408665599,4
"510010907005004",28.123494337601,3.7885646144118,3,1,2,66.6666666666667,33.3333333333333,2.74809780176972,2.74809780176972,2,2.74809780176972,2.74809780176972,2
"510010907005015",10.6971274183718,10.6971274183718,1,0,1,100,0,10.6971274183718,10.6971274183718,1,10.6971274183718,10.6971274183718,1
"510010907005029",71.3892963141471,10.2753492057253,7,1,6,85.7142857142857,14.2857142857143,8.75680141220969,10.1065553980696,6,8.75680141220969,10.1065553980696,6
"510010907005079",4.20590830941328,4.20590830941328,1,0,1,100,0,4.20590830941328,4.20590830941328,1,4.20590830941328,4.20590830941328,1
"510010907005105",68.1285615264194,11.8011024469452,4,1,3,75,25,10.2804146233315,7.91071400273625,3,10.2804146233315,7.91071400273625,3
"510010907005106",49.6622447769048,49.6622447769048,2,1,1,50,50,9.59271443495019,9.59271443495019,1,9.59271443495019,9.59271443495019,1
"510010907005110",9.62761664106676,9.15194071168729,5,0,5,100,0,9.62761664106676,9.15194071168729,5,9.62761664106676,9.15194071168729,5
"510010907005118",10.3573213819044,9.38575888403388,4,0,4,100,0,10.3573213819044,9.38575888403388,4,10.3573213819044,9.38575888403388,4
"510010907005167",7.25652710279606,7.25652710279606,1,0,1,100,0,7.25652710279606,7.25652710279606,1,7.25652710279606,7.25652710279606,1
"510010907005174",1.65578065176516,1.65578065176516,2,0,2,100,0,1.65578065176516,1.65578065176516,2,1.65578065176516,1.65578065176516,2
"510010908001052",39.7316264983215,10.3913837050817,47,12,35,74.468085106383,25.531914893617,9.43560491098322,7.90148130123477,35,9.43560491098322,7.90148130123477,35
"510010908001094",3.8200521150141,3.8200521150141,1,0,1,100,0,3.8200521150141,3.8200521150141,1,3.8200521150141,3.8200521150141,1
"510010908001096",12.7644128083626,12.6693430059481,3,0,3,100,0,12.7644128083626,12.6693430059481,3,12.7644128083626,12.6693430059481,3
"510010908001101",11.0026346344809,10.993712599598,5,0,5,100,0,11.0026346344809,10.993712599598,5,11.0026346344809,10.993712599598,5
"510010908002080",29.3467866979529,8.55854209934506,5,1,4,80,20,9.05491857781266,7.58544664793746,4,9.05491857781266,7.58544664793746,4
"510010908002096",17.5795186087136,15.4597070199096,4,0,4,100,0,17.5795186087136,15.4597070199096,4,12.9748956312185,10.957592929493,3
"510010908002115",4.24537694598242,4.76395028883576,5,0,5,100,0,4.24537694598242,4.76395028883576,5,4.24537694598242,4.76395028883576,5
"510010908002134",83.9539628329651,20.5352599862999,10,5,5,50,50,16.1369164731207,11.8268226866486,7,10.4470233735654,11.2077995096292,5
"510010908002161",17.876758147781,6.85024573877192,33,5,28,84.8484848484848,15.1515151515152,8.27883926904609,5.39840794408472,29,7.49214749679642,5.39840794408472,28
"510010908002169",4.34160276415281,4.34160276415281,2,0,2,100,0,4.34160276415281,4.34160276415281,2,4.34160276415281,4.34160276415281,2
"510010908002171",28.1948125101885,11.8558045697585,61,10,51,83.6065573770492,16.3934426229508,10.319696891822,9.92689153287276,55,9.23262838109686,7.03233173837983,51
"510010908002173",23.323268423026,5.43874829788364,7,2,5,71.4285714285714,28.5714285714286,4.18703107563019,2.89617727339275,5,4.18703107563019,2.89617727339275,5
"510010908002194",4.82542890919834,3.24124529099326,3,0,3,100,0,4.82542890919834,3.24124529099326,3,4.82542890919834,3.24124529099326,3
"510010908002199",24.7699668878888,12.9857648768583,34,7,27,79.4117647058823,20.5882352941176,11.5207530937398,9.60837050187493,30,9.90795041960379,8.06069920309968,26
"510010908002228",29.7660111954078,25.1013060940014,3,2,1,33.3333333333333,66.6666666666667,17.3097838649411,17.3097838649411,2,9.51826163588079,9.51826163588079,1
"510010908002236",5.89398094182534,5.89398094182534,1,0,1,100,0,5.89398094182534,5.89398094182534,1,5.89398094182534,5.89398094182534,1
"510010908003033",26.2043896469882,10.7312358896309,240,62,178,74.1666666666667,25.8333333333333,10.2688876314003,9.19937325418668,200,7.9231609883234,6.55273022440233,178
"510010908003039",1.9535644405424,1.9535644405424,1,0,1,100,0,1.9535644405424,1.9535644405424,1,1.9535644405424,1.9535644405424,1
"510010908003042",9.43541314390909,7.44546281243515,3,0,3,100,0,9.43541314390909,7.44546281243515,3,9.43541314390909,7.44546281243515,3
"510010908003059",38.2407299700864,11.8193332269853,21,8,13,61.9047619047619,38.0952380952381,10.7955376256692,4.06586952757254,16,6.82264800840834,1.6966222636224,13
"510010908003060",17.9678696489298,8.62381913263209,322,51,271,84.1614906832298,15.8385093167702,9.45464397072408,7.11085785755457,289,8.13259268777502,6.21322382989395,271
"510010908003062",10.6110557061049,8.85308079853434,6,1,5,83.3333333333333,16.6666666666667,10.6110557061049,8.85308079853434,6,8.13245513199968,6.38812798321778,5
"510010908003076",8.35428215525344,8.35428215525344,2,0,2,100,0,8.35428215525344,8.35428215525344,2,8.35428215525344,8.35428215525344,2
"510010908003078",15.5616103913262,15.5616103913262,2,1,1,50,50,15.5616103913262,15.5616103913262,2,3.03531015581453,3.03531015581453,1
"510010908003079",19.0816185566317,10.8442718363011,71,13,58,81.6901408450704,18.3098591549296,9.41158296855588,8.7306548457282,63,8.25113125938714,7.60600701549193,58
"510019801001008",25.8539408122976,15.8001029836071,16,2,14,87.5,12.5,13.13625253315,13.1910369659121,13,15.9681947548812,14.2005158015698,14
"510019801001015",4.85717761912222,2.99625047599632,6,0,6,100,0,4.85717761912222,2.99625047599632,6,4.85717761912222,2.99625047599632,6
"510019802001021",29.7018280346653,12.186060947704,7,2,5,71.4285714285714,28.5714285714286,8.87957060116319,11.6893455277232,5,8.87957060116319,11.6893455277232,5
"510019802001037",31.99416997298,7.02358582186109,25,6,19,76,24,6.7738138620448,5.97713158471875,19,6.7738138620448,5.97713158471875,19
"511319301001016",39.561168718636,10.9094893109047,53,13,40,75.4716981132076,24.5283018867925,10.7489656852801,7.39342536678657,42,9.8318752294618,7.17007431145693,40
"511319301001022",11.210451685913,11.210451685913,1,0,1,100,0,11.210451685913,11.210451685913,1,11.210451685913,11.210451685913,1
"511319301001031",21.3588181872068,21.3588181872068,2,1,1,50,50,21.3588181872068,21.3588181872068,2,13.865783076687,13.865783076687,1
"511319301001036",27.3767319039787,9.6671950083237,135,39,96,71.1111111111111,28.8888888888889,11.2329989872494,6.24851146213256,114,8.15317167512701,5.4093173320753,96
"511319301001085",10.2479343541757,10.2479343541757,1,0,1,100,0,10.2479343541757,10.2479343541757,1,10.2479343541757,10.2479343541757,1
"511319301001108",20.3134785303862,4.42997681212122,6,2,4,66.6666666666667,33.3333333333333,9.0116064163412,3.76623938203692,5,3.95819473717184,3.72018117772836,4
"511319301002005",50.6003075212437,11.1763638955453,63,23,40,63.4920634920635,36.5079365079365,11.6841831915213,8.68935245663491,47,8.76474284277913,7.07877256805661,40
"511319301002015",54.8400146391113,33.2533687087441,17,9,8,47.0588235294118,52.9411764705882,16.7545413037239,11.2185268635716,11,10.0354794146594,8.70109665989087,8
"511319301002022",27.8582362947251,8.06691707904586,57,19,38,66.6666666666667,33.3333333333333,9.35747832750631,6.19521925573962,47,5.18491281467677,4.18467438680543,38
"511319301002039",4.7534108000024,4.60450689495838,4,0,4,100,0,4.7534108000024,4.60450689495838,4,4.7534108000024,4.60450689495838,4
"511319301002047",22.4198146793111,7.41227339295896,85,19,66,77.6470588235294,22.3529411764706,8.64219904429194,4.99241950060031,74,5.9298819002179,4.12595713452484,66
"511319301002062",41.5232429393457,6.14185599035714,7,2,5,71.4285714285714,28.5714285714286,4.32259661147981,3.68368302481843,5,4.32259661147981,3.68368302481843,5
"511319301002076",9.96867248192339,7.89792497617785,3,0,3,100,0,9.96867248192339,7.89792497617785,3,9.96867248192339,7.89792497617785,3
"511319301002085",49.551872096043,11.6110535749963,61,26,35,57.3770491803279,42.6229508196721,10.0831152417254,7.87701165435783,44,6.34340583769812,6.48077592024204,35
"511319301002087",4.1065862153115,4.1065862153115,2,0,2,100,0,4.1065862153115,4.1065862153115,2,4.1065862153115,4.1065862153115,2
"511319301002091",13.8917364103215,8.89727319920252,3,1,2,66.6666666666667,33.3333333333333,13.8917364103215,8.89727319920252,3,8.5217854065758,8.5217854065758,2
"511319301002098",77.5153623301929,10.0896563172124,7,3,4,57.1428571428571,42.8571428571429,5.19187570308788,4.21223363366253,4,5.19187570308788,4.21223363366253,4
"511319301002103",78.2032497276406,68.6260842433196,4,2,2,50,50,14.5557735106503,14.5557735106503,2,14.5557735106503,14.5557735106503,2
"511319301002107",36.3574169753652,36.3574169753652,1,0,1,100,0,36.3574169753652,36.3574169753652,1,36.3574169753652,36.3574169753652,1
"511319301002108",37.4693297777257,10.9026247716168,165,61,104,63.030303030303,36.969696969697,11.669185665977,7.47999255180343,126,7.79202804131756,6.18395773001027,104
"511319301002109",15.9108795950832,15.9108795950832,2,1,1,50,50,15.9108795950832,15.9108795950832,2,3.40708556273449,3.40708556273449,1
"511319301003005",120.434908496079,8.91761797403789,3,1,2,66.6666666666667,33.3333333333333,4.58997836273126,4.58997836273126,2,4.58997836273126,4.58997836273126,2
"511319301003009",35.9741311583143,8.79410464048034,50,15,35,70,30,8.71578547099483,6.52196436310267,39,5.64826925256579,4.38618808814324,35
"511319301003015",45.4462757372001,8.49677729222512,20,7,13,65,35,8.41339639584895,6.82088946413036,14,5.99511583008443,6.67564550524046,13
"511319301003020",68.9949859173002,5.74171838825359,6,2,4,66.6666666666667,33.3333333333333,3.16544909712166,1.535042264691,4,3.16544909712166,1.535042264691,4
"511319301003026",14.3468525470894,11.3540392128687,7,1,6,85.7142857142857,14.2857142857143,14.3468525470894,11.3540392128687,7,11.079913240266,11.3540392128687,6
"511319301003028",4.57091697168745,4.57091697168745,2,0,2,100,0,4.57091697168745,4.57091697168745,2,4.57091697168745,4.57091697168745,2
"511319301003031",52.9574020317887,30.785821491019,5,3,2,40,60,14.9979258815202,8.99097809743124,3,7.10397807677075,7.10397807677075,2
"511319301003034",6.76539421457129,6.76539421457129,1,0,1,100,0,6.76539421457129,6.76539421457129,1,6.76539421457129,6.76539421457129,1
"511319301003035",19.717550494112,7.81411472732811,5,1,4,80,20,12.0254971342854,6.57986814492637,4,12.0254971342854,6.57986814492637,4
"511319301003036",9.74912819206275,9.74912819206275,2,1,1,50,50,9.74912819206275,9.74912819206275,2,2.72452900230744,2.72452900230744,1
"511319301003045",36.7317789604274,10.1852839987776,28,12,16,57.1428571428571,42.8571428571429,9.51797956955279,4.49544433469402,19,5.77617975743084,4.11522031378753,16
"511319301003047",52.8007082137798,13.9695610413081,28,12,16,57.1428571428571,42.8571428571429,10.4798820160913,9.44364407351937,19,6.98577852629723,6.59694012650296,16
"511319301003049",65.5175788195579,17.0072883098836,22,11,11,50,50,7.17533526768103,5.94764920336185,12,5.75046611057389,4.97864709544921,11
"511319301003053",50.0336685492095,13.2428616396474,17,5,12,70.5882352941177,29.4117647058824,9.50889094849157,7.91557260162858,13,7.81627179605599,6.98466725354023,12
"511319301003057",20.0680656720531,7.39978531680729,81,14,67,82.7160493827161,17.2839506172839,8.38411912739905,6.28599979603549,70,7.51377964210011,6.19464542956605,67
"511319301003058",41.3472757223458,15.7750188978179,52,25,27,51.9230769230769,48.0769230769231,13.01217617303,8.49733386599904,37,7.48193839908058,6.37190777409539,27
"511319301003061",70.7597334119576,48.9216610917498,5,4,1,20,80,21.7065704028094,21.7065704028094,2,10.4726706138167,10.4726706138167,1
"511319301003063",39.7921671859636,11.2980148872897,30,10,20,66.6666666666667,33.3333333333333,9.76311496018434,6.78815196947863,22,7.5326276129919,6.64593214630952,20
"511319301003064",35.9031791790241,20.452609143419,42,19,23,54.7619047619048,45.2380952380952,15.2174916561402,7.47628277682441,31,8.13267977723172,5.32365494643612,23
"511319301003069",5.67817444177161,4.94457696928445,3,0,3,100,0,5.67817444177161,4.94457696928445,3,5.67817444177161,4.94457696928445,3
"511319301004000",42.2386179442416,30.307529735647,31,17,14,45.1612903225806,54.8387096774194,15.8185792443566,10.8691554153219,21,6.69738601851899,3.14024073331925,14
"511319301004004",27.168831565964,5.81245994188524,29,5,24,82.7586206896552,17.2413793103448,6.92263268514774,5.57657854565955,25,6.25493535161482,5.52932970628583,24
"511319301004006",20.1728346957522,7.13928766376873,8,1,7,87.5,12.5,6.66657108313065,3.11992800339919,7,6.66657108313065,3.11992800339919,7
"511319301004019",64.298388967354,5.87194898249907,7,3,4,57.1428571428571,42.8571428571429,4.61035759167881,5.52200793821547,4,4.61035759167881,5.52200793821547,4
"511319301004035",96.5216345944141,33.3470529642744,5,3,2,40,60,14.2903221404105,8.3319576614718,3,4.76195672847849,4.76195672847849,2
"511319301004036",74.2302017467261,11.7637204246048,14,6,8,57.1428571428571,42.8571428571429,10.0450827901224,6.1490154063597,9,7.01988014478319,5.51392406653724,8
"511319301004048",30.712951571086,11.3598532773176,48,19,29,60.4166666666667,39.5833333333333,11.3640482768072,8.97698705902816,36,6.79984440936777,6.65708564661743,29
"511319301004051",19.1108064376782,6.26072934400556,5,2,3,60,40,3.27482363295196,2.86756522058907,3,3.27482363295196,2.86756522058907,3
"511319301004052",22.3111167496006,9.25619191876175,15,4,11,73.3333333333333,26.6666666666667,9.1317182320244,8.22543959542726,12,7.49298409141327,7.42889357547671,11
"511319301004053",19.7253880965847,2.80459749691424,26,4,22,84.6153846153846,15.3846153846154,5.85887618305831,2.65907135594981,23,5.00612754331714,2.56380317048262,22
"511319301004083",10.8484873870254,10.8484873870254,2,0,2,100,0,10.8484873870254,10.8484873870254,2,10.8484873870254,10.8484873870254,2
"511319301004084",0.475981563929271,0.475981563929271,1,0,1,100,0,0.475981563929271,0.475981563929271,1,0.475981563929271,0.475981563929271,1
"511319301004088",6.57355360982129,6.57355360982129,2,0,2,100,0,6.57355360982129,6.57355360982129,2,6.57355360982129,6.57355360982129,2
"511319301004095",52.4114554974287,33.1321078876311,5,3,2,40,60,18.2471240898151,21.1460837473583,3,10.8046321909071,10.8046321909071,2
"511319301004099",43.4616511159731,8.67491718840529,45,12,33,73.3333333333333,26.6666666666667,9.22823735125833,6.65073650894642,35,7.94293991702476,6.45202850325833,33
"511319301004122",11.2567039922005,11.2567039922005,2,0,2,100,0,11.2567039922005,11.2567039922005,2,11.2567039922005,11.2567039922005,2
"511319301004128",1.80452305365615,1.97127156930744,3,0,3,100,0,1.80452305365615,1.97127156930744,3,1.80452305365615,1.97127156930744,3
"511319301004138",1.33395642624196,1.33395642624196,2,0,2,100,0,1.33395642624196,1.33395642624196,2,1.33395642624196,1.33395642624196,2
"511319301004182",34.5844657941663,9.65861116177881,9,3,6,66.6666666666667,33.3333333333333,7.76898494168394,7.04947225407329,6,7.76898494168394,7.04947225407329,6
"511319301004189",40.8809920293119,10.7871170314472,52,18,34,65.3846153846154,34.6153846153846,11.8388416563791,8.63563231852804,42,7.93289969644258,7.10262998278351,34
"511319301004190",44.7895215239987,14.4000916175849,23,9,14,60.8695652173913,39.1304347826087,13.2546007318227,9.30098891841398,17,9.09217735235945,5.09265383535223,14
"511319301004196",16.6909472749981,16.6909472749981,2,0,2,100,0,16.6909472749981,16.6909472749981,2,16.6909472749981,16.6909472749981,2
"511319301004197",14.3897090438623,8.1701753205869,11,3,8,72.7272727272727,27.2727272727273,9.28511325128682,7.89553138754738,10,5.64723483424498,7.17465182692275,8
"511319301004207",4.22827961991498,4.22827961991498,1,0,1,100,0,4.22827961991498,4.22827961991498,1,4.22827961991498,4.22827961991498,1
"511319301004237",65.1091321392683,34.8630045004987,7,4,3,42.8571428571429,57.1428571428571,13.2083613413222,8.91323328711891,4,5.99014695493008,7.91432549944303,3
"511319302001001",7.20737993058595,5.47752890622357,15,0,15,100,0,7.20737993058595,5.47752890622357,15,5.83517953540253,4.91407906798731,14
"511319302001016",58.3375085539312,58.3375085539312,2,1,1,50,50,3.20617436467198,3.20617436467198,1,3.20617436467198,3.20617436467198,1
"511319302001024",5.14663287927699,5.55520470121313,3,0,3,100,0,5.14663287927699,5.55520470121313,3,5.14663287927699,5.55520470121313,3
"511319302001028",37.9279297598994,5.08174593746306,9,1,8,88.8888888888889,11.1111111111111,6.73081920220247,4.88126848049492,8,6.73081920220247,4.88126848049492,8
"511319302001029",34.5308127090745,11.2981270542276,13,5,8,61.5384615384615,38.4615384615385,10.8509547821109,6.23492959780749,9,8.3580254470974,6.06261867516181,8
"511319302001040",14.2182636081644,4.80612799848647,19,5,14,73.6842105263158,26.3157894736842,6.09507657292708,3.84598570926261,15,4.04170540636659,3.77375028244757,14
"511319302001043",74.2651640925375,2.17408890771131,3,1,2,66.6666666666667,33.3333333333333,2.06073765807514,2.06073765807514,2,2.06073765807514,2.06073765807514,2
"511319302001053",60.3467289113456,60.3467289113456,2,1,1,50,50,5.94448267623214,5.94448267623214,1,5.94448267623214,5.94448267623214,1
"511319302001081",29.321137828697,9.35266597240276,16,6,10,62.5,37.5,11.795464439829,7.36024853055046,14,5.45572335979228,4.60251801481729,9
"511319302001096",13.5693906227727,5.28745455538692,7,1,6,85.7142857142857,14.2857142857143,8.59089191807144,4.17803667002059,6,8.59089191807144,4.17803667002059,6
"511319302001108",10.9474302125609,4.25475575533647,7,1,6,85.7142857142857,14.2857142857143,3.35251698904488,3.92679012070857,6,3.35251698904488,3.92679012070857,6
"511319302001114",39.144054017573,16.6225435051479,10,3,7,70,30,13.3915808594548,13.5226122025803,8,10.6819460394002,10.4836184424315,7
"511319302001120",3.29637364761738,3.9208069666788,3,0,3,100,0,3.29637364761738,3.9208069666788,3,3.29637364761738,3.9208069666788,3
"511319302001135",6.27263478927227,8.94665742750408,5,0,5,100,0,6.27263478927227,8.94665742750408,5,6.27263478927227,8.94665742750408,5
"511319302002000",46.6784768089476,6.04003651396301,5,1,4,80,20,5.27461476042841,4.45403946518621,4,5.27461476042841,4.45403946518621,4
"511319302002005",3.9413366783059,3.9413366783059,2,0,2,100,0,3.9413366783059,3.9413366783059,2,3.9413366783059,3.9413366783059,2
"511319302002006",3.29159797048052,3.29159797048052,1,0,1,100,0,3.29159797048052,3.29159797048052,1,3.29159797048052,3.29159797048052,1
"511319302002023",38.5108637756924,5.92374312075844,12,2,10,83.3333333333333,16.6666666666667,7.67099109770733,5.21023806779122,11,6.60933185226998,4.40540028322882,10
"511319302002026",13.0301496827583,6.00012700854561,315,41,274,86.984126984127,13.015873015873,8.22094795621075,5.76013163542301,301,6.85578576950572,5.21819443302954,274
"511319302002038",13.2992085445968,13.2992085445968,2,0,2,100,0,13.2992085445968,13.2992085445968,2,13.2992085445968,13.2992085445968,2
"511319302002045",1.79174964590203,1.79174964590203,1,0,1,100,0,1.79174964590203,1.79174964590203,1,1.79174964590203,1.79174964590203,1
"511319302002071",21.7443210058522,6.76758301668437,13,4,9,69.2307692307692,30.7692307692308,7.64341451751983,4.80195518509445,10,6.00723834489399,3.22040317932783,9
"511319302002081",5.88569671801236,5.88569671801236,2,1,1,50,50,5.88569671801236,5.88569671801236,2,2.01266717928485,2.01266717928485,1
"511319302002087",17.0685248613376,6.17931385854381,37,8,29,78.3783783783784,21.6216216216216,9.07858938208966,5.29119917943331,33,6.6974252967361,4.87762098636775,29
"511319302002088",3.73052856914057,3.54454197322499,8,0,8,100,0,3.73052856914057,3.54454197322499,8,3.73052856914057,3.54454197322499,8
"511319302002090",9.71250204740633,12.9759323429443,3,1,2,66.6666666666667,33.3333333333333,9.71250204740633,12.9759323429443,3,8.08078689963733,8.08078689963733,2
"511319302003000",8.7324514892659,5.79331794087939,28,3,25,89.2857142857143,10.7142857142857,6.34091247337831,5.23767065567881,27,5.82577044951339,5.18668590484245,25
"511319302003001",6.00015132776895,6.00015132776895,1,0,1,100,0,6.00015132776895,6.00015132776895,1,6.00015132776895,6.00015132776895,1
"511319302003006",5.17541351997262,3.92810735530658,20,1,19,95,5,5.17541351997262,3.92810735530658,20,4.50339909932864,3.66847009167711,19
"511319302003007",7.38370587639868,4.78635205958468,6,1,5,83.3333333333333,16.6666666666667,7.38370587639868,4.78635205958468,6,6.96780997629601,4.42305119691258,5
"511319302003013",38.920343366427,2.7036974227485,3,1,2,66.6666666666667,33.3333333333333,2.12195918434742,2.12195918434742,2,2.12195918434742,2.12195918434742,2
"511319302003022",1.82176885261341,1.82176885261341,1,0,1,100,0,1.82176885261341,1.82176885261341,1,1.82176885261341,1.82176885261341,1
"511319302003025",23.7566983190983,9.79872490264634,15,5,10,66.6666666666667,33.3333333333333,10.746577016338,8.90046468862422,12,8.97654085917172,8.50293106376411,10
"511319302003026",24.2242529550915,6.86263855137683,126,27,99,78.5714285714286,21.4285714285714,9.16209048670418,6.02913918768214,110,7.7298874289869,4.9940536922656,99
"511319302003028",15.0482866979956,8.49460418705776,27,5,22,81.4814814814815,18.5185185185185,10.4323482602518,5.40361190255316,25,8.4446688715843,4.39491209197966,22
"511319302003035",52.3087915801506,17.6367595172069,5,2,3,60,40,6.2373391428203,0.940465762056987,3,6.2373391428203,0.940465762056987,3
"511319302003043",21.4121135217308,5.42701006748812,21,1,20,95.2380952380952,4.76190476190476,9.3618078371789,4.79051933283907,20,9.3618078371789,4.79051933283907,20
"511319302003047",11.1110881179731,11.5306560287889,4,0,4,100,0,11.1110881179731,11.5306560287889,4,11.1110881179731,11.5306560287889,4
"511319302003079",34.3924846101101,4.76301826754716,20,5,15,75,25,9.69828307274129,3.66801274990325,18,6.78910149686436,2.31256021937471,15
"511319302003095",42.9597267642288,18.1802005320296,17,10,7,41.1764705882353,58.8235294117647,13.231347327421,16.428701477633,13,8.48098024812096,2.47408506749816,7
"511319302003098",1.194321974809,1.194321974809,1,0,1,100,0,1.194321974809,1.194321974809,1,1.194321974809,1.194321974809,1
"511319302003117",9.96054182320528,4.45873350412573,20,2,18,90,10,7.2734031949324,4.30892101792253,19,6.50541654773019,3.95518004517496,18
"511319302004005",26.7310521061878,26.7310521061878,1,0,1,100,0,26.7310521061878,26.7310521061878,1,26.7310521061878,26.7310521061878,1
"511319302004018",56.8411937282238,56.8411937282238,2,1,1,50,50,7.52388042214924,7.52388042214924,1,7.52388042214924,7.52388042214924,1
"511319302004019",12.3008678996018,12.3008678996018,2,0,2,100,0,12.3008678996018,12.3008678996018,2,12.3008678996018,12.3008678996018,2
"511319302004022",36.1277604193157,36.1277604193157,1,0,1,100,0,36.1277604193157,36.1277604193157,1,36.1277604193157,36.1277604193157,1
"511319302004025",24.5932970553983,8.73751822661418,3,1,2,66.6666666666667,33.3333333333333,6.00808371255686,6.00808371255686,2,6.00808371255686,6.00808371255686,2
"511319302004026",140.622778587941,140.622778587941,2,1,1,50,50,8.36095195936418,8.36095195936418,1,8.36095195936418,8.36095195936418,1
"511319302004040",1.6931804747114,1.6931804747114,1,0,1,100,0,1.6931804747114,1.6931804747114,1,1.6931804747114,1.6931804747114,1
"511319302004041",19.1346966927909,19.1346966927909,2,1,1,50,50,19.1346966927909,19.1346966927909,2,10.378663610817,10.378663610817,1
"511319302004059",42.243049579132,7.63150948702486,3,1,2,66.6666666666667,33.3333333333333,6.13978616877734,6.13978616877734,2,6.13978616877734,6.13978616877734,2
"511319302004069",8.53010643583336,5.83830215955026,15,1,14,93.3333333333333,6.66666666666667,6.09146975084358,5.53277454595868,14,6.09146975084358,5.53277454595868,14
"511319302004076",6.0097090244378,4.98063844544672,6,0,6,100,0,6.0097090244378,4.98063844544672,6,6.0097090244378,4.98063844544672,6
"511319302004119",39.7163023128235,15.5989071195898,12,6,6,50,50,10.9494915984055,9.64085364711119,8,8.4553247103443,7.21412217760719,6
"511319302004146",5.11755416112339,4.01226536132532,3,0,3,100,0,5.11755416112339,4.01226536132532,3,5.11755416112339,4.01226536132532,3
"511319302004154",1.64200314118744,1.64200314118744,2,0,2,100,0,1.64200314118744,1.64200314118744,2,1.64200314118744,1.64200314118744,2
"511319302004175",15.5140931074022,9.28185208324356,25,8,17,68,32,11.4137781421038,8.59416045653848,24,7.7210638313745,5.13241154115935,17
"511319302004199",11.8053488962713,5.13237163428079,24,4,20,83.3333333333333,16.6666666666667,9.90399782545466,5.07406860098616,23,7.99425310291413,4.46344392987355,20
"511319302004220",6.12286657944254,5.61260040545428,6,0,6,100,0,6.12286657944254,5.61260040545428,6,6.12286657944254,5.61260040545428,6
"511319302004235",38.5239640327611,5.82877922723697,16,5,11,68.75,31.25,9.26009800912273,4.4949348515509,12,7.40267901634388,4.11691433190657,11
"511319303001026",12.3718545114697,10.580773528046,3,0,3,100,0,12.3718545114697,10.580773528046,3,12.3718545114697,10.580773528046,3
"511319303001028",17.6002109780161,11.8928056724911,3,1,2,66.6666666666667,33.3333333333333,6.2528164653673,6.2528164653673,2,20.4539136307786,20.4539136307786,2
"511319303001031",31.0040265012554,44.9701317577195,3,2,1,33.3333333333333,66.6666666666667,2.56133876991247,2.56133876991247,1,2.56133876991247,2.56133876991247,1
"511319303001035",9.8101097958466,12.1473798370805,3,1,2,66.6666666666667,33.3333333333333,9.8101097958466,12.1473798370805,3,8.64147477522967,8.64147477522967,2
"511319303001042",6.2239503251676,6.2239503251676,2,0,2,100,0,6.2239503251676,6.2239503251676,2,6.2239503251676,6.2239503251676,2
"511319303001044",9.4717549392128,2.30824321576981,16,2,14,87.5,12.5,9.4717549392128,2.30824321576981,16,6.71782652913542,1.75073928169667,14
"511319303001052",2.49795123522971,2.49795123522971,1,0,1,100,0,2.49795123522971,2.49795123522971,1,2.49795123522971,2.49795123522971,1
"511319303001054",2.04358346580017,2.04358346580017,2,0,2,100,0,2.04358346580017,2.04358346580017,2,2.04358346580017,2.04358346580017,2
"511319303001061",5.14605647920905,5.14605647920905,2,0,2,100,0,5.14605647920905,5.14605647920905,2,5.14605647920905,5.14605647920905,2
"511319303001063",20.7769559469644,7.30931251086805,8,2,6,75,25,7.33884315456827,2.74866889662269,6,12.1935996458411,2.74866889662269,6
"511319303001064",21.9565738395905,28.3799822207049,5,1,4,80,20,17.2900617241822,15.7320284417668,4,18.424615392108,15.7320284417668,4
"511319303001066",15.368973727417,2.0531030529732,14,2,12,85.7142857142857,14.2857142857143,4.49581206928985,1.72707669265662,13,3.23034190671697,1.59839792649796,12
"511319303001072",7.20689364569995,3.76417813646485,3,1,2,66.6666666666667,33.3333333333333,7.20689364569995,3.76417813646485,3,3.38863595083148,3.38863595083148,2
"511319303001076",39.6739733564391,42.8124643698225,3,1,2,66.6666666666667,33.3333333333333,2.1512585865703,2.1512585865703,1,22.4818614781964,22.4818614781964,2
"511319303001078",9.15680918409848,3.39627486141475,11,1,10,90.9090909090909,9.09090909090909,3.97713091005621,3.1774609458632,10,3.97713091005621,3.1774609458632,10
"511319303001081",10.6450449679114,4.59479623410203,14,1,13,92.8571428571429,7.14285714285714,10.6450449679114,4.59479623410203,14,9.35480078245751,3.86302465403259,13
"511319303001083",13.1984388859706,4.69514086995397,70,20,50,71.4285714285714,28.5714285714286,8.79442538792242,4.1949041576556,64,5.71306076451658,3.51580810824399,50
"511319303001118",0.727740826793449,0.727740826793449,1,0,1,100,0,0.727740826793449,0.727740826793449,1,0.727740826793449,0.727740826793449,1
"511319303001120",1.30379153550807,1.71752124702044,3,0,3,100,0,1.30379153550807,1.71752124702044,3,1.30379153550807,1.71752124702044,3
"511319303001121",1.96328003776597,1.96328003776597,1,0,1,100,0,1.96328003776597,1.96328003776597,1,1.96328003776597,1.96328003776597,1
"511319303001129",18.6927991404142,2.84588937050959,11,4,7,63.6363636363636,36.3636363636364,9.03163280644638,2.35678350566251,10,2.28522841241693,1.79771579307991,7
"511319303002005",6.47739709882555,6.47739709882555,2,1,1,50,50,6.47739709882555,6.47739709882555,2,2.10133839999448,2.10133839999448,1
"511319303002013",27.9041743482005,4.52940233728984,4,1,3,75,25,4.11134934151762,4.1491144329797,3,4.11134934151762,4.1491144329797,3
"511319303002016",14.615325630965,6.11640275254849,73,19,54,73.972602739726,26.027397260274,8.22019197328196,5.32132188189281,67,6.59600386153434,3.40124967567805,54
"511319303002017",12.7061172703339,5.74081981875217,4,0,4,100,0,12.7061172703339,5.74081981875217,4,12.7061172703339,5.74081981875217,4
"511319303002021",17.4423191958005,9.44839734147253,83,29,54,65.0602409638554,34.9397590361446,10.7611245052031,7.80185446322506,75,9.06442685669624,4.57251658130013,54
"511319303002025",9.0102439969165,3.78182520059071,40,3,37,92.5,7.5,6.66869477821111,3.74651416728564,39,5.50561321346207,3.61366437529816,37
"511319303002026",8.76164339717958,5.13278158591557,10,1,9,90,10,4.57233472820308,4.74701243311667,9,8.63682893054955,4.74701243311667,9
"511319303002028",19.896662319516,6.9996551437919,32,10,22,68.75,31.25,8.10006999461524,5.46315910344335,27,5.58362916687672,4.66025916747942,22
"511319303002030",9.66876111192917,9.79972452592903,11,4,7,63.6363636363636,36.3636363636364,9.66876111192917,9.79972452592903,11,8.72287504273397,4.47600546551713,7
"511319303002031",6.53069520974841,4.16936186492356,10,2,8,80,20,6.53069520974841,4.16936186492356,10,5.72701875643133,3.5163365383701,8
"511319303002035",20.7203855117067,4.4022467604866,10,2,8,80,20,4.18066895526527,4.08910506191714,9,3.51399434690635,3.29937079737276,8
"511319303002038",3.67091006630295,4.53592066085278,3,0,3,100,0,3.67091006630295,4.53592066085278,3,3.67091006630295,4.53592066085278,3
"511319303002047",17.0907044005178,4.96869108419446,22,5,17,77.2727272727273,22.7272727272727,8.88506285183632,4.1543499250501,19,7.1373085924543,3.79880045685267,17
"511319303002048",5.00601492498257,4.54436568123286,4,1,3,75,25,5.00601492498257,4.54436568123286,4,3.43578934158222,2.88933373182612,3
"511319303002058",1.6658589645491,1.6658589645491,1,0,1,100,0,1.6658589645491,1.6658589645491,1,1.6658589645491,1.6658589645491,1
"511319303002061",2.42380138913215,2.42380138913215,1,0,1,100,0,2.42380138913215,2.42380138913215,1,2.42380138913215,2.42380138913215,1
"511319303002067",4.33463029551388,4.69783562379102,3,0,3,100,0,4.33463029551388,4.69783562379102,3,4.33463029551388,4.69783562379102,3
"511319303002068",17.2784747096513,6.47726088367891,12,4,8,66.6666666666667,33.3333333333333,6.56184005851949,5.3568555606472,10,6.35751342395523,4.94570230119921,8
"511319303002069",20.4904400843373,20.4904400843373,1,0,1,100,0,20.4904400843373,20.4904400843373,1,20.4904400843373,20.4904400843373,1
"511319303002075",0.151802922385712,0.151802922385712,1,0,1,100,0,0.151802922385712,0.151802922385712,1,0.151802922385712,0.151802922385712,1
"511319303002077",17.4515471428338,7.55618022209616,165,38,127,76.969696969697,23.030303030303,8.83360101003698,5.47716654384412,142,9.43173480755541,4.25649555729325,127
"511319303002078",51.1553794079549,31.145626546635,3,1,2,66.6666666666667,33.3333333333333,22.1407976325433,22.1407976325433,2,22.1407976325433,22.1407976325433,2
"511319303002079",2.70479396260019,2.70479396260019,2,0,2,100,0,2.70479396260019,2.70479396260019,2,2.70479396260019,2.70479396260019,2
"511319303002098",1.55893986131798,1.55893986131798,2,0,2,100,0,1.55893986131798,1.55893986131798,2,1.55893986131798,1.55893986131798,2
"511319303002100",26.007573786429,4.80889610977614,6,1,5,83.3333333333333,16.6666666666667,5.26840430282492,4.27080631406409,5,5.26840430282492,4.27080631406409,5
"511319303002107",21.7147069945339,9.57463835830804,57,23,34,59.6491228070175,40.3508771929825,10.3900665586986,8.52455560843418,49,9.04063269264117,4.18700428868003,34
"511319303002114",9.12841102903324,10.572114847503,3,1,2,66.6666666666667,33.3333333333333,9.12841102903324,10.572114847503,3,8.00649336526087,8.00649336526087,2
"511319303002122",17.5186610250636,4.10792450055411,109,30,79,72.4770642201835,27.5229357798165,8.36042267760237,3.2671977100648,98,6.1723718631444,2.70397873557723,79
"511319303002143",3.67755440781337,2.14331407364483,5,1,4,80,20,3.67755440781337,2.14331407364483,5,1.71423712220951,1.63788692058198,4
"511319303002145",10.9781755136365,12.3395914591396,8,2,6,75,25,10.9781755136365,12.3395914591396,8,9.66719539549793,8.05874182939941,6
"511319303002173",16.5178455798193,5.16718589559653,7,1,6,85.7142857142857,14.2857142857143,9.5299107966574,3.7038544759413,6,9.5299107966574,3.7038544759413,6
"511319303002213",7.28913762786265,7.28913762786265,2,0,2,100,0,7.28913762786265,7.28913762786265,2,7.28913762786265,7.28913762786265,2
"511319303002221",27.5907218407076,25.2622751395298,4,1,3,75,25,19.7699896930415,19.8352920943082,3,19.7699896930415,19.8352920943082,3
"511319303003112",18.5202641441308,11.3696413627546,9,4,5,55.5555555555556,44.4444444444444,15.2456733583564,9.01638967398618,8,7.57235451355601,6.34812395752846,5
"511319303003115",33.038766793278,6.01470239009084,4,1,3,75,25,4.92746458315446,3.13603170006189,3,4.92746458315446,3.13603170006189,3
"511319303003121",14.2502254722785,14.2502254722785,2,1,1,50,50,14.2502254722785,14.2502254722785,2,7.41941562531113,7.41941562531113,1
"511319303003179",6.90014328960997,5.28139320275869,4,0,4,100,0,6.90014328960997,5.28139320275869,4,6.90014328960997,5.28139320275869,4
"511319303003189",5.99560238189841,4.38823258812202,5,0,5,100,0,5.99560238189841,4.38823258812202,5,5.99560238189841,4.38823258812202,5
"511319303003193",0.512606828703481,0.512606828703481,1,0,1,100,0,0.512606828703481,0.512606828703481,1,0.512606828703481,0.512606828703481,1
"511319303003197",32.0308698026414,9.07161404553453,101,40,61,60.3960396039604,39.6039603960396,11.1812614013757,6.1320029059856,85,6.52633083319695,2.87217305578754,61
"511319303003200",13.1748791158044,3.35391247248115,6,2,4,66.6666666666667,33.3333333333333,4.83512866880413,2.97149083618713,5,2.43849620627658,2.49796465992952,4
"511319303003202",23.7656754199994,11.822130594047,15,6,9,60,40,10.8014726018361,8.73991312540461,13,4.39374241430278,1.29127072436332,9
"511319303003207",10.2348574532181,2.95044627043132,14,4,10,71.4285714285714,28.5714285714286,6.02870243887573,2.72660733498555,13,2.52151032239411,2.41128174155599,10
"511319303003211",27.1878699894556,10.2978385893012,5,1,4,80,20,6.16919848093949,6.58478165736389,4,6.16919848093949,6.58478165736389,4
"511319303003215",7.80839296261927,7.80839296261927,1,0,1,100,0,7.80839296261927,7.80839296261927,1,7.80839296261927,7.80839296261927,1
"511319303003241",7.52690282178616,1.37691996977551,4,0,4,100,0,7.52690282178616,1.37691996977551,4,7.52690282178616,1.37691996977551,4
"511319303003248",15.1508458573173,5.84606775087152,28,8,20,71.4285714285714,28.5714285714286,6.91549531988848,5.60771266270457,25,6.39643513170154,4.30553763748518,20
"511319303003331",6.50066807250895,5.26943343306213,6,1,5,83.3333333333333,16.6666666666667,6.50066807250895,5.26943343306213,6,4.53687113531175,4.90744218557049,5
"511319303003334",52.5280658876161,52.5280658876161,2,1,1,50,50,1.51395701607854,1.51395701607854,1,1.51395701607854,1.51395701607854,1
"511319303004059",22.742958011297,9.30828795248754,28,7,21,75,25,10.9952884593067,6.14891711584853,23,10.8333836998114,5.02844202181088,21
"511319303004074",5.67394452187231,2.04688831290707,10,1,9,90,10,5.67394452187231,2.04688831290707,10,2.06846178183821,1.56610816876064,9
"511319303004093",9.26121271838757,2.79693368503639,8,3,5,62.5,37.5,3.97594945848316,2.59574950505115,7,2.22106518599983,2.59305758353581,5
"511319303004098",19.422026872967,24.3251693468901,3,2,1,33.3333333333333,66.6666666666667,19.422026872967,24.3251693468901,3,5.2077646170989,5.2077646170989,1
"511319303004109",10.8496689787708,10.8496689787708,2,0,2,100,0,10.8496689787708,10.8496689787708,2,10.8496689787708,10.8496689787708,2
"511319303004115",6.70213145801075,4.0200983543106,11,0,11,100,0,6.70213145801075,4.0200983543106,11,6.70213145801075,4.0200983543106,11
"511319303004136",14.6907022967523,3.70862140967866,5,1,4,80,20,3.84644352756098,3.19901691548142,4,3.84644352756098,3.19901691548142,4
"511319303004144",29.1397073791613,11.3190234247993,21,11,10,47.6190476190476,52.3809523809524,10.5013958679179,6.32044936214423,15,8.7602416710814,3.75606159292792,10
"511319303004149",45.0155665811064,45.0155665811064,2,1,1,50,50,1.484116316492,1.484116316492,1,1.484116316492,1.484116316492,1
"511319303004161",20.0655951966958,4.30628800931399,21,5,16,76.1904761904762,23.8095238095238,5.8958490502899,4.22508694217386,19,4.7089029376322,3.1900203528579,16
"511319303004177",15.0760994569457,2.5016961924436,3,0,3,100,0,2.0954782252528,2.0954782252528,2,15.0760994569457,2.5016961924436,3
"511319303004271",13.1724531861839,9.37864812335108,144,47,97,67.3611111111111,32.6388888888889,10.8940462006981,8.97525841442618,138,7.6491490224619,4.2219540095453,97
"511319303004297",8.30969672984897,3.89542226527083,16,4,12,75,25,5.85348887222783,3.86966670628537,15,4.26038204334488,3.47537498330035,12
