CNTY_FIPS,Year,Janmin,Febmin,Marmin,Aprmin,Maymin,Junmin,Julmin,Augmin,Sepmin,Octmin,Novmin,Decmin,Avg_Tempmin,Janmax,Febmax,Marmax,Aprmax,Maymax,Junmax,Julmax,Augmax,Sepmax,Octmax,Novmax,Decmax,Avg_Tempmax,Janpcp,Febpcp,Marpcp,Aprpcp,Maypcp,Junpcp,Julpcp,Augpcp,Seppcp,Octpcp,Novpcp,Decpcp,Tot_Temppcp,Avg_Temppcp,Fipsyear
001,1895,27.5,19.5,34.2,45,53.2,65.8,66.8,69.9,65.6,45.3,40.6,32.8,47.18333333333333,43.1,34.1,49.5,61.3,68.6,81.8,82.8,87.4,83,64,57.8,49.6,63.583333333333336,4.46,1.57,4.1,6.34,3.93,2.57,3.25,2.05,2.5,2.8,2.3,1.93,37.8,3.15,44001011895
001,1896,28,29.9,32.6,48.1,60.6,65.1,70.8,68.7,62,48.9,45.1,30.2,49.166666666666664,42.8,45.9,48.9,63.7,75.8,78.8,85.9,86.3,76.1,64.4,63.1,46.2,64.825,1.36,6.62,2.66,1.07,2.65,2.45,4.96,2.77,5.44,1.92,2.3,1.18,35.38,2.9483333333333333,44001011896
001,1897,26.2,31.4,38.8,43.9,53,62.4,71,67.8,60.2,53.9,41.2,33.9,48.641666666666666,42.1,45.4,55.7,63.1,70.6,76.7,82.6,82.4,80.2,68.6,59.9,49.5,64.73333333333333,1.92,5.6,3.31,2.94,2.86,2.21,8.26,2.97,1.12,4.55,1.81,3.96,41.51,3.4591666666666665,44001011897
001,1898,32.1,28.6,40.1,43,55.6,64.3,71.8,72,65.4,54.1,39.6,31.4,49.833333333333336,48.1,46.8,57.9,58.3,70.1,79.1,83.7,84.6,78.8,69.7,55.6,50,65.225,1.63,1.53,4.47,3.95,3.11,2.4,3.92,5.72,2.91,4.07,3.76,2.66,40.13,3.3441666666666667,44001011898
001,1899,27.8,22.3,35.9,42.4,54.1,66,69.3,68.7,59.8,52.6,37.2,31.6,47.30833333333334,46.3,37.5,51.4,63.1,71.9,83.2,85.3,82.2,77.3,69.2,58.4,49.1,64.575,2.77,5.95,4.62,1.68,1.84,3.06,5.39,4.29,1.51,4.61,0.98,1.04,37.74,3.145,44001011899
001,1900,29.1,26.9,32.5,44.8,54.6,65.9,71.3,71.6,66.9,57,44.3,30.5,49.61666666666667,46,45.2,48.4,60.9,73.6,80.5,87.5,87.6,81.6,70.9,59.5,47.5,65.76666666666667,2.52,3.93,3.15,2.27,3.19,2.84,3.48,3.2,2.1,2.16,4.09,2.61,35.54,2.961666666666667,44001011900
001,1901,30,23.5,38,42.7,54.1,64.3,73.5,70.5,63,49.3,34.9,29.7,47.791666666666664,43.8,38.6,54.2,55.9,69.1,79.8,87.2,83.3,77.5,67.5,50.4,46.5,62.81666666666666,2.62,0.82,3.64,4.14,2.9,3.75,3.79,6.91,4.31,1.37,1.78,4.49,40.52,3.3766666666666665,44001011901
001,1902,25.8,25.1,37.8,43.7,55.1,63.3,68.6,65.2,61.6,54,45.5,30.3,48,41.3,37.7,55.3,60.1,71.9,80.3,85.6,82,75.7,69.6,61.2,46.4,63.925,3.04,5.22,1.95,3.28,1.94,3.8,4.07,2.43,5.93,2.95,3.05,4.08,41.74,3.4783333333333335,44001011902
001,1903,28.2,30.9,41.9,46.3,55.7,61.7,69.3,68,62.2,50.1,34,26,47.858333333333334,44.2,48.6,58.6,61.4,72.5,74,85.6,80.6,76.6,68.1,55.5,45.2,64.24166666666666,3.13,4.49,6.52,3.04,1.25,4,4.68,4.04,3.35,5.51,1.69,2.76,44.46,3.705,44001011903
001,1904,23.1,23,35.8,43.2,55.4,64.4,68.4,67.4,62.1,47,36.5,26.5,46.06666666666667,42.7,38.6,50.8,59.4,73.4,79.4,83,81.2,77.9,65.9,52.9,41.2,62.2,1.6,3.4,3.3,1.83,1.94,3,5.2,2.26,2.26,2.5,1.9,5.61,34.8,2.9,44001011904
001,1905,24.4,22,37.2,44.8,57.4,64.2,70.6,67.1,62.5,51.2,37.7,32.3,47.61666666666667,41.1,36.1,54.3,62.5,73.8,79.5,84.1,81.6,77.7,68.7,56.3,48.2,63.65833333333333,3.48,4.09,2.59,4.29,2.88,3.25,5.28,5.45,3.65,1.4,0.54,5.45,42.35,3.529166666666667,44001011905
001,1906,34.9,27.7,33.4,44.9,54.7,66.1,69.9,72.9,65.1,53.5,39,32,49.50833333333333,48.9,44.8,47.3,64.1,73.1,79.7,81.4,83.5,80,65.4,55.9,47.4,64.29166666666667,3.08,6.06,4.89,1.7,2.02,5.61,5.34,7.15,1.59,4.74,1.52,2.75,46.45,3.8708333333333336,44001011906
001,1907,31.5,24,38.4,39.9,51.5,58.9,69.2,66.8,64.9,44.2,39.2,32.9,46.78333333333333,49.4,39.8,57.8,55.4,67.6,72.6,84.4,80.9,78.6,64.1,54.2,49.9,62.891666666666666,2.07,3.09,2.96,3.28,5.07,4.01,2.03,4.81,3.47,2.69,5.09,3.98,42.55,3.5458333333333334,44001011907
001,1908,28,26.5,39.3,46.7,57.3,62.8,71.1,67.1,59.2,51.6,37.5,31.4,48.20833333333333,44.3,41.6,56.3,64.9,72.6,79,84.9,80.1,74.6,68.6,57.3,48.8,64.41666666666667,2.75,3.27,2.84,1.91,3.27,3.25,4.75,5.31,2.01,2.33,1.17,3.97,36.83,3.069166666666667,44001011908
001,1909,32.1,34.7,34.7,45.2,54.6,65.8,65.4,64.5,59.8,44.7,42,25.5,47.41666666666667,48.4,53.7,50.8,62.2,71,79.9,82.5,79.8,74.5,64.5,59.5,41.8,64.05,2.57,2.93,2.99,3.52,3.14,4.67,2.38,4.74,2.66,1.46,1.21,3.03,35.3,2.941666666666667,44001011909
001,1910,28,29.4,39.6,47.5,53.4,62.5,70.2,67.4,64.2,53.7,35.7,26.3,48.15833333333333,44.7,46,58.5,65,69.9,75.8,84,80.7,78.5,70.7,49.2,40,63.583333333333336,3.73,1.92,3.32,4.34,2.89,4.76,4.06,8.3,1.58,4.93,1.91,3.37,45.11,3.7591666666666668,44001011910
001,1911,32.5,31.9,32.7,42,57.1,64.5,70.2,69.7,65.5,51.8,37.3,34.8,49.166666666666664,48.3,46.3,50.5,57.5,76.5,81,86.3,84.8,78.7,66.1,54,51.8,65.15,3.42,2.33,3.23,3.53,0.4,2.68,2.58,5.05,2.19,2.76,5.03,4.09,37.29,3.1075,44001011911
001,1912,21.3,25.2,35.3,47.7,56.4,63.1,68.7,66.7,65.2,52.4,39.6,34.2,47.983333333333334,36.2,40.5,49.4,65.1,73,78.4,82.9,81.4,78.3,69.3,56.9,51.6,63.583333333333336,3.58,3.58,6.46,2.18,3.83,3.33,2.52,3.48,3.75,1.23,2.97,3.19,40.1,3.341666666666667,44001011912
001,1913,37.2,28.9,41.4,47.5,55.2,62.6,69.8,68,61.9,53.4,40,32.5,49.86666666666667,54.9,45,58.1,62.4,72.9,79.7,85.6,81.5,76.4,67.1,58.2,49.5,65.94166666666666,3.78,1.72,3.2,2.97,2.91,2.85,2.85,5.35,3.71,4.6,0.92,2,36.86,3.0716666666666668,44001011913
001,1914,31.4,23.4,30.1,43,54.5,63.1,67.7,68.8,57.4,53.3,36.4,30,46.59166666666667,46.6,41.8,46.1,59.7,74.5,81.2,81.7,84,75.6,69,56,41.2,63.11666666666667,3.7,3.07,3.63,2.31,1.86,5.53,2.91,2.55,1.79,1.41,2.63,6.02,37.41,3.1175,44001011914
001,1915,30.4,32.3,29.8,45.6,53.6,61.5,67.4,67.8,62.9,52.5,37.8,28.2,47.483333333333334,45.2,48.4,44.9,67.2,71.2,77.1,84.7,83.3,80.6,69,58.9,45,64.625,6.02,3.21,1.31,2.25,2.89,4.85,4.19,3.61,1.58,4.88,0.91,2.42,38.12,3.1766666666666667,44001011915
001,1916,32.6,27,30.1,43.4,57.6,61.7,70.8,67.4,59.7,51.1,38.2,29.4,47.41666666666667,51.2,45.6,47.2,61,73.8,76.4,83.1,83.3,76.2,68.5,57.7,46.2,64.18333333333334,2.06,3.91,2.45,2.92,5.77,4.07,4.78,2.41,3.2,2.27,2.58,3.57,39.99,3.3325,44001011916
001,1917,29.1,25.7,35.5,44.6,49.2,64,70.2,67,58.5,45.9,34.2,24.3,45.68333333333334,46.6,43.8,50.7,62.4,67.8,79.3,82.6,83,71.8,63.7,53.3,38.2,61.93333333333333,2.74,2.1,7.05,2.44,2.74,5.44,6.94,2.69,2.56,6.9,0.62,2.17,44.39,3.6991666666666667,44001011917
001,1918,17.7,27.2,37.1,45.2,59.3,60.8,65.2,69.2,57.2,53.6,38.8,35.4,47.225,32.9,47,57.1,61.1,76.6,77.7,81.8,85.4,74.8,71.5,56,50.4,64.35833333333333,3.95,0.86,3.76,6.05,2.49,3.21,3.62,2.49,4.6,1.47,0.88,3.69,37.07,3.089166666666667,44001011918
001,1919,29.3,29.7,37.9,43.3,55.7,62.5,69.1,66.2,61.8,59.7,39.5,26.6,48.44166666666666,47,44.8,55.6,62.6,71.6,78.1,83.5,81.6,78.7,74.1,57.9,44,64.95833333333333,3.63,2.7,4.4,3.91,4.8,2.37,6.77,5.31,1.89,2.41,1.77,2.25,42.21,3.5175,44001011919
001,1920,24.6,27.3,34.6,44.2,48.7,62.3,66.1,69,62.4,52.8,39.7,34.6,47.19166666666667,40.9,41.2,55,62,67.3,80.3,82.3,81,78.4,72.5,57.7,49.9,64.04166666666667,3.14,6.75,3.97,3.19,0.92,4.58,4.71,7.2,2.78,0.89,5.23,4.03,47.39,3.9491666666666667,44001011920
001,1921,30.9,32.3,44.3,48.6,52.9,62.6,70.9,65.3,66.3,49.9,42.2,30.9,49.75833333333333,49.1,49.2,64.8,67.2,69.2,81.7,85.5,81.8,84.4,69.3,60.2,48.3,67.55833333333334,3.09,3.76,2.73,3.45,3.75,1.24,3.91,3.1,1.13,1.12,2.77,3.38,33.43,2.785833333333333,44001011921
001,1922,26.8,31.6,37.9,45.6,55.5,66.4,68.6,66.1,62.1,53.2,39.6,32.5,48.825,41.9,47.5,54.9,64,73.1,80.3,82.6,80.2,77.9,70.5,57.5,49.7,65.00833333333333,4.54,4.6,7,1.76,2.28,5.71,7.03,5.6,3.46,2.31,0.93,5.79,51.01,4.2508333333333335,44001011922
001,1923,30.9,25.7,34.9,42.4,51.1,65.3,66.1,67.3,63.2,48.7,39.1,37.6,47.69166666666666,48,42,55.6,61.9,71,83,82.1,82,77.8,66.8,54.6,56,65.06666666666666,3.52,3.6,6.66,5.44,1.48,2.24,5.2,3.48,2.56,3.36,3.28,2.11,42.93,3.5775,44001011923
001,1924,27.7,27.8,33.8,41.9,53.2,63,66.1,66.7,59,47.6,39.2,31,46.416666666666664,48.4,44,51.5,60.4,69.2,78.2,81.7,83.2,73.7,68.5,56.9,49.2,63.74166666666667,3.32,2.55,5.38,5.46,6.21,5.76,2.59,3.93,5.19,0.41,2.19,3.13,46.12,3.8433333333333333,44001011924
001,1925,28.5,34.8,37.1,45.4,49.3,67.3,68.4,64.1,65,47.6,37.9,32.5,48.15833333333333,45.8,54.9,58,65.8,70.5,85,85.8,81.2,80.9,63.7,55.6,45.9,66.09166666666667,5.31,2.37,2.89,2.05,1.99,2.17,4.92,3.49,1.06,4.97,2.37,3.81,37.4,3.1166666666666667,44001011925
001,1926,28.1,29.7,30.5,41.1,51.3,60,68.7,69.4,61.9,50.5,36.8,28.4,46.36666666666667,44.6,47.6,49.6,60.9,71.9,77.9,84.8,84.4,77.8,68.9,57.1,44.3,64.15,3.44,3.82,2.24,2.08,2.11,2.54,6.3,7.74,3.31,3.02,3.04,4.35,43.99,3.6658333333333335,44001011926
001,1927,27.6,34.3,37.1,41.1,53.9,58.2,66.8,63.3,59.8,51.6,43.2,32.6,47.458333333333336,44.3,51.6,55.7,59.5,72.4,76.7,83.6,78.5,79.5,71.8,61.6,49.4,65.38333333333334,0.87,3.9,1.81,3.14,2.09,3.98,5.31,5.36,1.91,3.38,2.4,5.28,39.43,3.285833333333333,44001011927
001,1928,27.9,29.7,34.7,41.9,52.3,63.1,68.2,69.1,59.1,50.6,40.7,30.4,47.30833333333333,47.6,47.5,52.8,62.2,69.8,78.8,85.5,85.7,74.2,70.5,58.9,48.4,65.15833333333333,1.54,3.05,2.84,5.08,1.64,4.93,3.56,4.04,6.31,0.65,1.35,2.62,37.61,3.1341666666666668,44001011928
001,1929,28.3,28,41,47.7,54.2,62.3,66.2,64.7,60.4,48.1,41.9,32.3,47.925,46.1,44.8,59.9,65.4,72.5,80.6,84.5,82.2,78.7,67,57.1,49.2,65.66666666666667,2.08,5.68,4.45,5.2,2.83,3.28,2.58,2.51,2.43,3.36,2.16,1.92,38.48,3.2066666666666666,44001011929
001,1930,30.6,31.6,33.7,41.8,55,64,67.8,64.4,65.3,46.6,39.6,29.4,47.483333333333334,46.3,52,53,61.2,76.7,82.2,86.9,84.9,85.3,67,57.1,45.4,66.5,3,1.78,1.88,1.59,2.7,2.65,2.13,0.61,1.21,1.94,1.26,2.41,23.16,1.93,44001011930
001,1931,29.3,29.5,34.1,41.8,53.8,61.9,69.5,67.9,65,51.3,44.4,37.2,48.80833333333333,46.4,49,47.4,61.4,72.4,80.3,86.8,83.9,83.3,73.1,63.8,56.1,66.99166666666666,1.59,1.38,4.74,2.97,3.7,2.54,3.63,8.4,4.25,1.83,0.6,2.25,37.88,3.1566666666666667,44001011931
001,1932,39.4,33.6,32.1,41.2,52.4,63,67.1,66.4,60,51.1,38,32.6,48.075,56.5,52.8,50.4,63.1,71.3,81.4,85.4,85.9,79.6,69.2,57.5,51,67.00833333333334,5.06,2.01,3.93,3.12,2.76,4.42,3.22,1.17,3.64,5.9,2.43,4.7,42.36,3.5300000000000002,44001011932
001,1933,35,30.8,34.7,44,57.2,62.4,65.8,68.1,65.2,47.7,35.9,31.7,48.208333333333336,53.6,48.5,51,62.2,75.7,83.3,83.8,84.1,83.2,69.4,54.1,50,66.575,3.22,4.83,1.89,3.59,5.41,1.43,7.45,11.21,2.61,1.1,1.84,2.57,47.15,3.9291666666666667,44001011933
001,1934,31.5,17.2,31.8,42.7,54.6,66.6,69.8,66.2,64.2,48.3,40.2,29.5,46.88333333333333,49.4,35,49.2,61.9,72.6,84.2,87.9,82,78.4,67.5,59.4,46.7,64.51666666666667,1.72,6.11,6.43,1.54,6.91,3.06,5.82,3.43,7.12,1.31,3.68,2.14,49.27,4.105833333333333,44001011934
001,1935,26.8,27.3,38.9,42.8,50.8,62.7,68.6,66.2,58.2,47.5,44.3,26.1,46.68333333333333,44.2,45.5,58.6,58.3,69.8,81,84.5,82.8,77.3,68.7,58.9,40,64.13333333333333,4.1,2.78,2.8,4.78,4.1,4.1,4.7,4.63,7.14,1.99,4.4,2.33,47.85,3.9875,44001011935
001,1936,24.3,22.6,40.9,41.9,52.8,62.3,67.7,68,62.4,52.5,37,33.2,47.13333333333333,40.2,38.7,57.8,60.1,76.4,80.4,84.8,85.7,79.9,70.4,55.1,49.3,64.9,7.12,5.37,5.01,3.1,0.42,4.37,4.63,3.44,5.08,3.61,0.8,5.84,48.79,4.065833333333333,44001011936
001,1937,39.5,29.3,32.3,45.2,52.5,64.4,68.3,69.5,57.2,47.4,37.3,29.7,47.71666666666667,53.5,45.4,50.1,61.7,74.1,82.5,84.9,84.8,76.5,65.1,56.3,45.3,65.01666666666667,8.55,2.59,3.17,5.4,2.89,3.54,4.53,9.41,2.04,4.19,4.23,1.8,52.34,4.361666666666667,44001011937
001,1938,28.8,32,38.4,46.6,53.8,62,68.5,68.4,60.4,48.3,40.6,32.3,48.34166666666667,44.9,50.6,58.5,65.4,71.4,79.6,84.7,86.9,76.7,68.2,61.7,48.2,66.4,3.03,3,3.59,1.97,2.62,6.9,13.17,1.22,8.64,2.82,2.59,2.23,51.78,4.315,44001011938
001,1939,30.2,33,36.1,43.8,54.3,64.9,66.9,69.4,62.7,51.5,36.1,32.6,48.458333333333336,47.9,53,54.9,63.3,75.3,83.4,83.3,84.9,81,69.5,54.5,48.1,66.59166666666667,4.11,4.39,5.44,3.8,0.9,4.09,6.02,4.59,2.54,4.84,1.56,1.27,43.55,3.6291666666666664,44001011939
001,1940,18,27,32.1,40.6,54,64.6,66.8,66.7,57.8,45.9,40.1,34.9,45.708333333333336,35.4,45.1,49.8,58.4,72.3,82.8,85.4,81.1,76.6,65,56.8,52.2,63.40833333333333,2.72,2.88,3.13,4.78,3.15,0.78,4.05,3.81,1.67,2.01,5.33,2.09,36.4,3.033333333333333,44001011940
001,1941,28.7,25.7,29.6,46.1,54.9,63,68,66.4,62.2,55,39.6,34,47.766666666666666,43.5,41.8,47.6,66.5,76.6,80.3,84.1,84.3,82.4,75.4,61.8,51.7,66.33333333333333,3.48,2.66,2.65,3.57,2.84,3.15,7.5,2.92,0.34,1.13,0.73,3.38,34.35,2.8625,44001011941
001,1942,25.3,26,36.5,44.4,58.4,66.2,70.1,67.8,63.2,52.4,40.2,28.4,48.24166666666667,44.9,42.8,54.3,66,76.9,83.7,87.8,82.5,80.9,69.2,59.7,44.9,66.13333333333334,2.9,1.7,7.77,0.8,1.15,3.49,3.87,8.53,3.54,4.65,1.42,3.41,43.23,3.6025,44001011942
001,1943,30.3,28.5,33.5,39.5,56.8,69.3,69,67.4,58.6,48.5,37.3,28.4,47.25833333333333,48.1,50.1,54.7,60.4,75.8,86.5,86.6,86.6,78.3,66.4,58,46.5,66.5,2.76,3,3.08,2.71,4.27,1.81,1.94,2.16,4.49,6.67,1.41,1.29,35.589999999999996,2.9658333333333333,44001011943
001,1944,29.4,29.2,33.6,42.8,58.6,64.2,67.4,66.3,63,49.2,39.5,27.9,47.59166666666667,46.1,46.6,51.4,63.1,78.7,83.1,85.7,84.6,79.5,67.6,55.6,44.4,65.53333333333333,4.13,4.17,6.32,4.42,0.86,3.69,3.38,2.97,6.22,3.01,3.71,2.12,45,3.75,44001011944
001,1945,25.9,29.6,42.9,48.2,52.6,64.4,69,65.1,66.5,48.1,41.5,27.9,48.475,40.3,47.8,64.1,68,70.3,82.4,83.6,82.8,81.2,68.5,59.2,40,65.68333333333334,3.01,4.8,2.03,2.68,3.96,5.85,12.65,2.02,4.41,3.06,3.82,6.13,54.42,4.535,44001011945
001,1946,30.1,30.6,42,44.7,55.1,61.4,66.2,64.7,61.2,52.7,44.5,33.5,48.891666666666666,45.8,49.1,60.7,62.8,72.7,79.5,83.6,80.8,78.8,71.3,61.4,53.7,66.68333333333334,2.3,2.75,2.51,2.83,5.54,3.56,3.52,3.3,4.33,2.02,2.42,1.96,37.04,3.0866666666666664,44001011946
001,1947,35.2,24,30.8,44.7,55,61.5,67.4,69.4,62.7,55.4,38.6,29.3,47.833333333333336,51.3,41.2,46.6,64.5,74.3,79.5,83.2,86,79.6,73.4,55.8,45.6,65.08333333333333,4.38,1.49,1.96,3.4,2.32,5.02,2.87,2.59,3.56,2.93,4.94,2.32,37.78,3.1483333333333334,44001011947
001,1948,23.6,28.5,37.7,44.1,54.8,63.3,68.6,67.2,59.5,48.6,45.4,34.6,47.99166666666667,38.5,47,56.9,63.6,72.2,81,85.3,83.6,78.8,65.2,63.2,51.2,65.54166666666667,4.78,3.17,4.18,3.48,6.92,3.77,4.07,6.83,3.18,4.47,6.97,4.3,56.12,4.676666666666667,44001011948
001,1949,36.2,35.2,36.2,45.2,53.9,65.1,71.9,69.1,59.4,55.6,39.8,33.4,50.083333333333336,53.6,53.1,55.8,63.2,74,81.9,87.3,84.5,77.4,71.4,59.1,52.4,67.80833333333334,2.21,3.71,3.19,2.23,3.21,1.88,4.61,6.68,3.81,2.88,3.39,1.76,39.56,3.296666666666667,44001011949
001,1950,38.8,31.2,32.6,41.4,52.8,62.2,67.2,65.6,60,52.9,39.9,28.6,47.766666666666666,57.4,47.9,51.8,61.2,70.9,82.3,83.6,82.4,76.4,70,58.1,44.3,65.525,2.37,2.35,3.57,1.78,2.79,1.39,6,3.44,3.39,1.34,2.61,2.82,33.85,2.8208333333333333,44001011950
001,1951,31.7,29.5,36,44.2,53,62.8,68.4,67,61.2,53.6,36.5,33.1,48.083333333333336,49.8,49.4,51.7,63.9,73,80.6,85.8,83.5,79.4,70.2,55.6,52.6,66.29166666666667,1.61,2.07,2.92,2.86,3.77,5.73,3.77,3.83,2.78,2.68,4.76,3.86,40.64,3.3866666666666667,44001011951
001,1952,32.9,32.2,34.8,47.3,53.7,66,70.2,67.9,59.8,46.2,40.2,32.6,48.65,50.6,47.6,53,66.5,72.6,85.1,88,83.9,79.3,66.3,58.6,48,66.625,4.65,3.94,5.5,3.33,2.89,2.44,2.2,4.97,2.39,2.09,5.15,3.22,42.77,3.564166666666667,44001011952
001,1953,34.8,33.3,38,45.8,58.9,63.4,68.3,66.7,60.1,50.4,38.9,34.6,49.43333333333333,51.3,51.9,55.6,64.4,76.9,81.8,87.8,84.3,80,71.3,58.9,51.9,68.00833333333333,2.72,3.18,4.59,3.91,2.71,3.27,2.47,7.65,2.66,1.06,2.6,2.81,39.63,3.3025,44001011953
001,1954,28.8,33,35.7,47.2,52.5,62.8,66.3,66.1,62.4,53.1,38.6,30.8,48.108333333333334,46,53,55.4,67.2,71.2,83,86.1,84.6,80.9,72.1,55.6,47,66.84166666666667,4.12,1.43,3.95,3.09,2.9,0.95,3.56,5.29,4.32,2.35,2.18,2.91,37.05,3.0875,44001011954
001,1955,27.8,27.8,38.3,47.7,54.9,59.6,71.9,71.1,62.2,51.7,37.6,26.6,48.1,42.8,48,57.4,65.9,74.2,78.2,87.9,85.5,78,70.6,56.9,42.8,65.68333333333334,1.3,3.11,3.68,2.89,2.19,4.84,3.47,8.6,7.73,3.43,2.14,1.26,44.64,3.72,44001011955
001,1956,27.9,33.4,34.3,42.1,51,63.4,67.9,66.2,60,53.2,39.7,38.7,48.15,41.1,50,53,61,71.6,80.8,84.2,83.3,76.3,68,57.9,56.5,65.30833333333334,2.35,3.87,3.47,3.47,3.26,3.27,6.12,2.65,3.43,7.49,2.14,2.86,44.38,3.6983333333333333,44001011956
001,1957,26.2,33.8,36.8,47.4,55.7,65.6,66.3,64.1,64.7,47.1,42.1,34.6,48.699999999999996,43.2,49.1,52.3,67.7,74.6,82.8,86.3,82.8,79.3,64.5,58.2,51.7,66.04166666666667,3.26,4.13,5.33,2.35,1.55,3.69,1.76,6.62,4.72,5.46,4.56,5.5,48.93,4.0775,44001011957
001,1958,26.6,24.9,33.8,45.8,54.7,59.9,71.1,67.4,58.5,50.9,41.3,23,46.49166666666667,41.5,40.9,47.4,62.4,71.7,77.8,86.8,83.1,78,66.6,60.6,41.2,63.166666666666664,3.97,4.23,6.94,4.44,5.36,4.11,3.9,9.86,1.5,4.28,2.03,3.18,53.800000000000004,4.483333333333333,44001011958
001,1959,25.9,29,35.2,46.2,57.6,63.6,69.7,69.5,62,54,39.3,33.5,48.791666666666664,44.9,48.2,55.4,65.6,75.4,82.7,84.2,86.4,79.6,70.8,58.4,51.1,66.89166666666667,1.88,1.95,3.75,4.73,1.95,1.99,7.01,2.61,2.48,5.35,3.08,2.7,39.48,3.29,44001011959
001,1960,30.6,30.4,26.3,47.4,53.2,62.5,65.8,69.8,61,49.7,39.8,23,46.625,46.8,47,42.1,69.4,71.6,80.9,83.1,84.4,77.8,68,59.9,43.9,64.575,2.27,4.08,2.31,2.36,4.14,2.5,6.14,4.32,7,5.05,1.21,2.86,44.24,3.6866666666666665,44001011960
001,1961,22.3,31.1,38.5,42.4,51.8,61.1,69.2,68.1,65.6,49,42.1,30,47.6,41.1,48.6,56.4,60,69,79.1,85.6,83.9,82,69.6,58.6,46.8,65.05833333333334,3.53,6.49,4.42,2.78,6.34,3.93,2.8,2.85,1.97,5.4,1.66,5.49,47.66,3.9716666666666667,44001011961
001,1962,27.9,28,33.9,44.9,55.9,62.6,64.5,64.3,57.5,50.2,37.7,28.1,46.291666666666664,45,45.2,51.3,63.2,76.1,79.8,81.9,83.2,75.6,69,54.2,42.7,63.93333333333334,4.17,3.62,4.69,4.53,1.81,4.94,2.54,3.42,4.37,2.26,6.4,3.89,46.64,3.8866666666666667,44001011962
001,1963,24.4,21.5,38.2,44.4,50.8,61.4,65.8,65,56.7,48.4,41,25.3,45.24166666666667,42.1,41.8,59.2,64.9,72.5,81.2,86.2,84,74.2,70.5,59.9,41.6,64.84166666666667,2.97,2.51,6.56,0.67,3.1,5.59,0.8,3.57,5.31,0.37,5.25,2.59,39.29,3.2741666666666664,44001011963
001,1964,28.6,28.9,37.5,43.3,53.7,61.8,67.8,64.2,60.1,45.9,40.3,33.5,47.13333333333333,48.4,44.8,56.2,61.4,74.9,82.1,83.6,81.9,77.6,64.6,61.7,51.5,65.725,4.41,5.32,3.47,3.77,1.12,3.81,2.76,3.21,3.75,4.76,1.84,3.3,41.52,3.46,44001011964
001,1965,27.1,27.8,33.2,41.3,56,61,66.4,66.3,61.9,47.3,38.8,31.5,46.55,44.9,47.6,49.8,60.2,77.2,79.2,82.9,83.5,79.6,66.1,58.3,50.7,65,2.4,1.95,3.83,2.81,0.75,3.8,5.89,2.33,2.76,0.95,0.35,0.71,28.529999999999998,2.3775,44001011965
001,1966,25.4,29.3,35.7,41.6,51.3,60.7,67,66.9,58.8,45.9,39,30.4,46,39.7,43.2,55.4,59.9,71,80.1,87.3,84.3,76.9,68.5,59.1,46.4,64.31666666666666,3.59,3.82,1.55,1.69,4.27,2.66,1.9,1.36,5.27,1.71,0.68,2.96,31.459999999999997,2.6216666666666666,44001011966
001,1967,32.6,26.5,33.8,43.2,47.8,59.3,67.9,66.2,55.7,46.1,35.1,32.5,45.55833333333334,49.4,44.2,52.7,65.4,68.5,79.3,82.6,81.4,75.2,68.5,53.6,50.2,64.25,2.55,3.68,2.37,1.44,3.97,3.09,3.58,7.57,1.87,0.95,1.8,6.05,38.92,3.243333333333333,44001011967
001,1968,22.7,22.3,36.2,42.4,52.1,63.4,68.6,68.3,58.6,52.7,42.7,29.2,46.6,41,41.8,57.4,64.4,71.6,81.3,85,86.9,79,69.9,58.8,45.6,65.225,2.84,1.07,4.88,1.64,2.48,3.26,3.64,2.65,2.25,2.39,3.09,2.9,33.089999999999996,2.7575,44001011968
001,1969,26.6,30,31.8,45.5,53.4,64.5,69.4,65.8,60.2,50.4,38.9,30.2,47.225,41.8,41.5,48.8,65.1,72.6,81.6,84.6,83.4,77.7,68.1,54.9,45.2,63.775,2.52,3.09,3.85,3.04,1.36,1.9,6.1,7.37,2.06,1.64,2.17,6.19,41.29,3.4408333333333334,44001011969
001,1970,21.6,27.9,33.6,43.2,54.5,63,66.6,66.9,62.8,53.6,41.5,32.1,47.275,38.4,46.7,49.3,62.8,74.7,80.3,82.7,85.3,82,70.3,58.4,49.1,65,2.18,3.42,4.51,3.19,2.6,3.62,4.7,1.16,1.85,1.41,2.52,2.7,33.86,2.8216666666666668,44001011970
001,1971,24.9,28.9,33.9,40.5,51.9,63.9,67.6,65.6,63.9,59.2,39.6,38.7,48.21666666666667,41.1,48.6,52.5,62.6,70.5,80.4,84.3,83.7,78.7,72.2,58.4,57.4,65.86666666666667,2.61,3.53,2.96,2.45,6.7,1.33,3.1,5.14,2.03,7.72,2.62,1.48,41.67,3.4725,44001011971
001,1972,32.3,28.7,35.5,42.2,53.5,59.7,67.2,64.6,60.9,47.9,38.8,37.8,47.425,49.1,46.3,52.3,62.1,68.9,76.6,83.7,83.3,78.1,65.3,55.8,53.8,64.60833333333333,3.06,5.18,3.06,3.54,6.33,6.49,2.24,2.77,4.41,3.93,5.46,3.16,49.63,4.135833333333333,44001011972
001,1973,28.6,27.3,41.2,44.9,53.9,65.8,67.4,67.9,63,50.7,40.5,33.8,48.75,45.6,44.5,56.7,62.6,71,81.2,84.6,84.9,80.9,71.2,60.2,50.9,66.19166666666666,2.86,4.42,3.92,4.35,3.7,4.29,2.2,6.04,2.43,1.8,1.78,4.55,42.34,3.5283333333333333,44001011973
001,1974,35.7,29.8,38.8,45.9,54.5,61.2,66.3,67.1,60,44.9,39.1,33.9,48.1,51.8,47.4,57.5,66.4,72,77.6,84.8,82.5,77.4,67,58.1,50.9,66.11666666666666,4.25,2.73,4.23,2.06,3.63,2.69,2.69,4.12,2.34,0.86,1.05,3.86,34.51,2.8758333333333335,44001011974
001,1975,32.3,32.5,35.8,41.2,55.4,63.9,66.6,68.4,62.2,53,44.2,32.8,49.025,49.1,49,52.9,58.6,73,81.2,83.3,87.4,76.8,70.9,62.9,50,66.25833333333334,5.69,3.69,7.67,3.01,2.43,2.25,6.01,2.62,7.67,5.09,2.71,2.94,51.78,4.315,44001011975
001,1976,26.1,34.8,39.8,45.2,53.2,63.7,66.5,64.3,59,46.4,33.1,27.5,46.63333333333333,44,56.2,58.8,67.8,71.3,81.1,84.8,82.7,78.2,64.3,52.2,46.2,65.63333333333333,3.72,1.89,2.08,1.15,2.92,1.94,2.85,5.6,4.7,5.11,1.56,2.76,36.28,3.0233333333333334,44001011976
001,1977,18.1,27.3,40.6,46.5,54.4,60.4,69.1,68.5,63.7,48.3,44.3,30.7,47.65833333333333,33.6,47.9,57.2,68.1,74.8,79.4,88,86.7,80.8,65.8,58,47.6,65.65833333333333,3.33,2.59,2.86,1.88,1.89,3.56,1.77,4.27,2.27,3.91,3.94,7.12,39.39,3.2824999999999998,44001011977
001,1978,25.4,21.2,34.3,43.7,52.5,62,66.1,70.2,59.9,47,43.6,32.9,46.56666666666666,41.1,36.6,50.4,63.2,68.3,80.4,82.7,86.6,79.6,68.5,60.3,51.6,64.10833333333333,6.26,1.18,5.41,3.85,5.79,2.09,5.46,3.82,1.09,1.34,5.5,3.31,45.1,3.7583333333333333,44001011978
001,1979,28.2,20.4,36.6,44.9,56.6,59,67.1,68.5,63,48.6,43.8,33.7,47.53333333333333,44.5,35.5,55.8,62.3,71.9,77.1,83,84.4,77.9,68.3,61.8,50.9,64.45,6.54,5.27,5.1,3.17,6.42,4.79,6.38,4.21,7,2.69,5.91,1.47,58.949999999999996,4.9125,44001011979
001,1980,29.3,24.4,34.2,46.2,56,61.6,68,68.5,63.8,48.9,37.4,29.2,47.291666666666664,43.6,40.2,50.3,64.4,74.4,80.4,86.5,86.6,81.7,66.8,55.8,47.7,64.86666666666667,3.51,2.05,4.81,3.81,2.27,1.75,3.54,2.02,1.72,5.48,2.87,1.53,35.36,2.9466666666666668,44001011980
001,1981,22.3,30.6,33.6,47.2,52.9,65.9,68.4,65.1,59.6,47.8,40.4,30.2,47,38.1,49.7,51.9,66.9,70.3,83.7,85.7,81.8,77.2,66.6,56.4,45.4,64.475,0.77,3.25,2.04,3.51,3.85,3.6,4.21,3.75,3.8,2.31,1.19,5.05,37.33,3.1108333333333333,44001011981
001,1982,22.6,30.6,36.1,41.6,55.3,62.6,68.7,64.9,59.5,49.5,42.1,38.2,47.641666666666666,40.2,45.8,53.6,60.9,74.5,78.1,84.9,82,77.1,67.6,60.6,53,64.85833333333333,4.3,3.78,4.38,3.02,1.28,4.34,6.58,4.6,1.54,2.61,4.15,3,43.58,3.631666666666667,44001011982
001,1983,30.3,30.3,39.4,43.5,52.9,62.2,68.6,67.5,61.4,53,41.1,30.6,48.4,44.5,45,55.1,60.6,71.2,79.6,87.9,85.7,80.3,68.6,59.4,47.6,65.45833333333333,2.65,4.23,6.13,5.83,3.87,2.66,0.53,1.46,3.71,3.49,4.8,5.21,44.57,3.714166666666667,44001011983
001,1984,24.7,34.5,33,43.9,53.9,64.8,67.5,68.3,59.4,57.1,38,38.2,48.608333333333334,40.6,51,49.7,60.4,72.5,82.5,82.6,84.5,76.8,72.4,56.8,57,65.56666666666666,4.35,4.2,7.32,4.85,5.17,2.49,4.33,1.35,1.58,1.28,2.35,2.02,41.29,3.4408333333333334,44001011984
001,1985,24.4,29.8,37.7,47.8,55.9,63.1,69.3,67.9,61.2,54.9,49.1,29.8,49.24166666666667,39.7,46,57.2,69.3,74.7,80,84.9,83.9,80.3,71.8,65.2,46.7,66.64166666666667,3.39,3.25,2.99,0.45,3.91,3.86,2.75,5.63,5.54,4.71,5.08,1.2,42.76,3.5633333333333335,44001011985
001,1986,27.4,30.8,36,44.2,55,64.1,71.4,66.5,61.1,52.8,41.6,33.9,48.733333333333334,44.9,44.5,56.6,63.3,75.8,83.4,88.2,82.5,78.4,71.2,58.1,49.7,66.38333333333334,3.64,2.74,0.55,1.83,0.52,1.72,4.35,7.11,1.18,1.32,2.4,5.15,32.51,2.7091666666666665,44001011986
001,1987,28.8,27.1,35.4,44.5,54.7,65.2,70.4,68.1,63.6,44.2,41.9,34.2,48.175000000000004,43.3,43.3,53.7,60.7,74.6,82.9,88.5,86.7,80.2,66,60.7,50.7,65.94166666666666,7.95,2.54,2.89,2.83,2.51,4.54,2.68,0.94,3.04,2.67,2.81,3.16,38.56,3.2133333333333334,44001011987
001,1988,24.8,29.8,35.8,44.4,53.7,61.6,69.2,70.4,59.4,44.6,40.8,30,47.041666666666664,40.7,47.6,55.2,61.5,71.9,81.5,86.7,86,76.9,63.9,59.7,48.2,64.98333333333333,3.15,3.74,2.99,3.31,3.14,2,4.63,3.63,2.8,2.73,3.48,0.58,36.18,3.015,44001011988
001,1989,32.7,30.2,37.2,43.1,53.9,67.6,68.7,68.9,63.3,51.2,40.2,22.5,48.291666666666664,49.6,46.8,54,61.8,71.1,83.4,84.9,82.6,79,70.2,58,38.2,64.96666666666667,1.96,4.07,6.75,4.36,2.78,3.99,7.1,10.04,3.93,3.69,3.7,1.71,54.08,4.506666666666667,44001011989
001,1990,34.4,35.5,39.8,45.4,54.5,63.6,70.5,68.3,59.4,53.6,41.4,37.1,50.291666666666664,52.6,55,58,64.3,71.7,81.5,86.9,84,77.3,72.8,61.5,54.8,68.36666666666666,3.52,3.34,3.94,2.92,7.55,1.7,4.18,5.89,1.8,2.23,2.27,3.24,42.58,3.5483333333333333,44001011990
001,1991,31.4,32.7,40.2,47.6,59.7,64.5,71.5,69.4,60,50,40.5,34.5,50.16666666666667,48.2,52.5,56.3,66.6,79.2,83,87.6,85.4,78.9,69.7,58.8,52.7,68.24166666666667,4.95,1.07,4.79,2.92,0.73,2.73,3.59,4.57,2.65,4.04,0.97,3.55,36.56,3.046666666666667,44001011991
001,1992,30.6,32.8,35.8,44.5,51,59.7,70.4,65.4,62.9,47.3,42.4,33.6,48.03333333333333,47.5,49.8,53.2,63.4,69,77.4,85.7,81.5,77.7,65.8,58.1,48.4,64.79166666666667,1.77,3.29,4.1,2.01,4.34,3.23,4.9,7.39,5.88,1.68,4.77,4.39,47.75,3.9791666666666665,44001011992
001,1993,34.5,26.6,34.7,43.7,55.4,64.2,71.9,67.3,62.9,49.2,40.8,30.7,48.49166666666667,47.8,43.5,50.5,61.3,73.8,81.4,89.5,85.4,79.6,68.2,59.2,45.5,65.475,4.1,1.91,6.74,3.96,4.69,2.07,0.68,2.71,3.21,4.02,1.93,3.69,39.71,3.3091666666666666,44001011993
001,1994,24.2,28.6,36.6,48.5,51.6,66.3,71.4,64.5,59.2,48.5,44.5,37,48.40833333333333,41.1,46.8,55.4,69.5,70,82.9,87.5,82.2,77.7,67.3,62.7,53.1,66.35,3.7,5.36,9.87,1.09,2.66,2.08,5.14,2.69,3.33,1.62,3.67,1.64,42.85,3.5708333333333333,44001011994
001,1995,33.8,28.5,37.9,45.3,55.4,63.9,70.9,68.1,61.4,52.7,37,29.1,48.666666666666664,47,44.5,56.5,65.7,72.9,79.6,88,86.3,78.5,72.4,54.9,43.6,65.825,2.88,1.41,1.96,3.47,4.27,2.69,3.12,1.42,4.25,4.33,3.49,2.39,35.68,2.973333333333333,44001011995
001,1996,27.9,29.3,33.5,45.2,54,64.4,68.2,65.2,62.2,50.6,36,36.3,47.733333333333334,43.4,44.8,49.8,62.9,70.6,81.2,83.1,82.4,78.3,69,52.5,51.6,64.13333333333333,4.55,3.31,3.29,4.14,3.81,3.94,7.43,4.59,6.86,5.27,3.31,5.35,55.85,4.654166666666667,44001011996
001,1997,29.6,34.7,38.5,42.8,51,60.2,68.6,64.7,61.3,50,41,32.7,47.925,46.1,51.5,57.2,61.5,70.7,78.6,86.5,84.1,79.3,69.1,55.4,49.2,65.76666666666667,2.33,3.82,4.31,3.07,2.16,2.2,4.7,2.42,1.31,3.92,7.11,2.99,40.34,3.361666666666667,44001011997
001,1998,35.7,36.4,39.2,46.2,56.2,64.7,68.4,68.2,64.8,51.2,39.1,36.5,50.550000000000004,51,50.6,55,66.7,73.6,81.6,86.2,85.7,82.6,69.6,59.8,53.6,68,7.43,7.03,5.05,2.51,5.4,4.42,1.53,2.13,3.52,1.3,1.46,4.48,46.26,3.855,44001011998
001,1999,31.8,31.9,34.6,44.7,55,63.4,70.9,68.4,62.7,49,44.4,34.2,49.25,51.1,49.2,53.1,66.4,73.4,79.8,88.5,85.7,77.5,68.6,62.9,51.9,67.34166666666667,4.59,2.38,6.24,3.07,1.24,2.99,3.16,4.15,9.88,5.17,1.2,2.2,46.27,3.8558333333333334,44001011999
001,2000,27.7,31.6,39.7,46.4,57,65.7,65.6,66.8,60.4,49.5,37.3,26.3,47.833333333333336,44.5,52.3,59.7,62.8,75.7,82.4,82.3,83.1,77.2,70.6,55.2,42.4,65.68333333333334,3.98,1.99,4.25,4.37,3.64,4.24,7.43,5.68,4.4,0.03,1.46,2.1,43.57,3.6308333333333334,44001012000
001,2001,28.2,31.5,34.7,44.8,54.4,65.5,65,68.9,58.8,48.8,42.8,37.9,48.44166666666666,44.5,49.8,52,66.2,73.3,82.6,83.3,85.1,77.2,70.3,64,55.5,66.98333333333333,2.07,2.8,5.18,2.54,3.66,3.6,6.88,2.68,1.66,0.69,0.07,1.79,33.62,2.8016666666666667,44001012001
001,2002,33,33.1,39.7,49.2,54.3,65.2,69.8,69.7,64,54.8,40.6,30.8,50.35,50.9,53.9,58.4,69.2,75,83.7,88.7,87.2,80.9,70.1,57.2,47.4,68.55,3.48,0.96,4.78,4.89,1.9,3.22,4.24,2.47,2.25,5.86,4.2,3.51,41.76,3.48,44001012002
001,2003,24.9,29.2,37.9,45.1,52.6,64.3,70.4,69.9,64,48.9,44.8,32.6,48.71666666666667,39.7,43.6,57.1,62.8,69,80.2,85.5,85.1,79.1,68.8,63.6,48.8,65.275,1.92,5.07,5.06,4.83,4.68,3.36,4.96,5.85,5.19,3.84,2.3,6.92,53.98,4.498333333333333,44001012003
001,2004,25.3,29.5,38.4,46.2,61.2,64.5,70.2,67.3,62.8,50.3,41.6,33,49.19166666666667,41.5,46.7,56,64.7,80,81.1,85.7,83,78.8,67.6,59.8,50.7,66.3,2.46,2.42,2.04,5.18,2.46,4.1,11.29,10.36,2.29,2.79,4.42,3.5,53.309999999999995,4.4425,44001012004
001,2005,29,30.5,33.8,44.9,50.4,64.7,71.6,70.6,63.6,54,42.1,30.3,48.791666666666664,45.3,47.1,50.2,64.4,68.9,80.9,87.4,87.3,82.9,69.4,62.5,46.4,66.05833333333334,3.99,2.44,3.52,2.52,4.17,6.12,4.26,4.69,0.5,5.9,2.92,3.67,44.7,3.725,44001012005
001,2006,35.9,30.2,35.9,47.1,53.5,64.7,70.1,69.9,59.7,49.6,44.6,35.9,49.75833333333333,52,48.3,56.2,67.7,74,80.9,86.9,87.8,76.4,68,61.1,55.4,67.89166666666667,3.2,0.98,0.23,2.59,2.44,9.11,5.11,2.34,11.11,6.48,5.23,2.86,51.68,4.306666666666667,44001012006
001,2007,34.2,24.8,37.4,43.6,53.7,64.5,67.9,68.7,62.4,58.3,40.4,35.2,49.25833333333333,51.1,41.8,57.7,63.3,74,81.9,86,87,81,76.2,58.5,51.4,67.49166666666667,2.44,2.78,1.94,4.21,1.78,4.31,2.27,3.58,1.41,3.96,1.13,4.68,34.49,2.8741666666666665,44001012007
001,2008,30.3,32.6,39.1,47.9,52.8,66.3,67.9,65.9,64,48.7,39.8,35.6,49.24166666666667,47.5,52.2,58.3,65.8,73.2,85.9,86.4,84.6,80.7,68.5,55.4,53.5,67.66666666666667,1.97,3.6,2.26,4.71,6.37,5.32,3.65,2.02,3.48,0.91,5.62,5.01,44.92,3.743333333333333,44001012008
001,2009,26.2,30.2,36.1,47.1,56.6,65,67.8,70.7,61.7,51.8,45.9,33.2,49.358333333333334,42,50,54.1,66.9,74.2,80.8,84.5,87,77.1,69.3,60.2,47.9,66.16666666666667,2.03,0.48,4.58,3.64,3.7,5.46,4.14,5.56,6.01,4.04,7.61,8.09,55.339999999999996,4.611666666666666,44001012009
001,2010,27.8,27,39.3,47.6,57.6,69.4,71.7,69.6,64,52.8,40.6,26.3,49.475,42.6,41.2,57.3,69.6,77.8,87.7,91,87.1,82.2,71,58.8,39.7,67.16666666666667,3.23,4.13,7.32,0.96,2.62,1.75,1.49,5.54,3.82,4.78,0.86,2.33,38.83,3.2358333333333333,44001012010
001,2011,26,31,37.7,50,58.3,66.8,71.6,68.7,65.1,50.7,43.3,36.8,50.5,40.5,52.5,55.2,68.4,75.9,85.4,89.5,86.5,79.2,69.4,62.4,55.8,68.39166666666667,3.2,1.7,3.54,1.86,1.37,6.51,3.47,8.54,3.49,3.07,2.83,1.27,40.85,3.404166666666667,44001012011
001,2012,33,34.2,45.1,46.1,59.8,63.7,73.7,70.4,61.4,53.4,38.5,38.3,51.46666666666667,51.7,52.7,64.6,67.1,76.6,82.9,91.1,85.1,79.8,70.4,54.7,54.7,69.28333333333333,2.46,4.37,2.39,3.49,3.38,3.42,3.98,7.69,3.86,9.83,0.72,4.09,49.68,4.14,44001012012
001,2013,31.5,31.3,34.4,46.5,56.6,66.7,71.6,66.9,59.4,54.2,38.7,34.4,49.35,47.6,46.3,49.8,64.9,72.6,81.8,86.3,82,77.8,70,56.6,52.2,65.65833333333333,4.1,4.91,5.21,3.85,1.85,5.76,4.5,3.24,1.51,3.92,2.58,5.75,47.18,3.9316666666666666,44001012013
001,2014,23.5,28.9,33.1,44.8,57.2,64.9,68.3,66.1,63.6,53.7,37.5,35.8,48.11666666666667,44.2,46.8,53.1,63.6,76.5,82.2,85.5,83.1,79.2,71.6,55.7,50.7,66.01666666666667,3.08,2.91,3.64,4.32,5.13,1.8,3.32,3.85,5.12,1.61,3.85,3.29,41.92,3.493333333333333,44001012014
001,2015,27.7,19.4,33.3,45.9,58.3,67.8,70.4,67.1,65.3,50.9,45,45,49.675,43.9,38.2,52.2,65.8,76.1,83.1,85.7,84.9,81.5,68.6,63.4,61.6,67.08333333333333,4.81,2.96,3.42,4.98,2.82,5.2,4.59,2.82,3.79,3.72,3.91,3.69,46.71,3.8925,44001012015
001,2016,28.7,32.8,42.1,44.1,55,65.2,73,71.7,67.1,54.9,40.8,33.6,50.75,46.5,49.2,61.2,64.4,70.3,81.4,88.2,88.6,81.6,72.3,60.1,50.7,67.875,3.74,5.31,2.37,2.1,7.73,5.68,5.36,1.87,10.98,6.42,1.34,3.21,56.11,4.675833333333333,44001012016
001,2017,34.7,36.2,36.9,52.2,56.4,65.7,71.6,68,63.1,55.4,40.4,30.5,50.925,48.8,56.7,55.6,70.9,72.2,82.8,88,83.4,79.5,73.1,59.7,48.4,68.25833333333334,4.85,1.58,3.92,2.41,7.07,1.93,5.09,10.28,2.68,5.03,1.22,1.88,47.94,3.995,44001012017
001,2018,25,36.6,34.3,43.7,60.7,67.3,69.4,71.4,70.2,54.2,40.1,35.4,50.69166666666667,44.2,56.3,50.2,62.6,78.7,82.7,84.8,87.3,82,71.5,57.8,51.5,67.46666666666667,4.16,2.08,3.67,2.12,6.15,4.9,5.85,2.44,6.91,4.01,5.58,4.08,51.95,4.329166666666667,44001012018
001,2019,29.3,33.3,35.8,50.4,60.8,67,70.6,69.2,64.6,56.3,37.4,34.9,50.8,48.2,52.1,53.7,68.9,79,84.1,89.5,86.6,82.3,72.8,55.6,53.8,68.88333333333333,4.3,4.38,3.98,4.52,2.89,3.15,7.21,1.83,1.76,6.59,2.42,2.86,45.89,3.8241666666666667,44001012019
001,2020,34.5,35.4,42.9,45.5,54,66,73.1,71.5,63.6,54.8,44.8,34.3,51.699999999999996,51.8,53.7,60.4,64,70.1,80.8,89.6,85.5,77.7,71.4,64.2,50.8,68.33333333333333,3.8,5.57,4.13,3.97,2.8,2.81,3.91,7.2,5.08,4.55,5.71,5.5,55.03,4.585833333333333,44001012020
001,2021,31.4,32.3,39.6,46.6,53.3,66,NA,NA,NA,NA,NA,NA,44.86666666666667,46,45.8,59.4,66.6,74.8,81.8,NA,NA,NA,NA,NA,NA,62.4,3.48,6.13,2.95,2.09,2.18,3.57,-9.99,-9.99,-9.99,-9.99,-9.99,-9.99,-39.54,-3.295,44001012021
131,1895,28,20,34.8,44.9,52.8,66.4,67.4,69.6,66.5,46.8,41.3,33.6,47.675,45.5,36.7,51.5,63.7,71,83.2,84.2,87.9,84,65.7,58.6,50.3,65.19166666666666,4.52,1.57,3.97,5.82,3.95,2.79,3.5,2.11,2.07,2.79,2.27,1.93,37.29,3.1075,44131011895
131,1896,28.4,30.6,33.3,48.1,61.1,65.9,70.8,69.4,62.7,50.1,45.4,31,49.733333333333334,44.1,48.1,51.7,65.5,78.1,80.4,87.1,87.4,78,66,64.4,48,66.56666666666666,1.45,6.44,2.57,1.17,2.91,2.67,5.18,2.88,5.44,1.9,2.31,1.49,36.41,3.0341666666666667,44131011896
131,1897,27,32.2,39.5,44.7,54.2,63.7,71.1,68.2,62.2,55.4,41.9,35,49.59166666666667,43.8,47.6,57.6,64.3,72.6,79.4,85.2,84.2,81.1,70,60.8,50.8,66.45,1.85,5.5,3.34,2.64,2.99,2.58,8.22,3.09,1.05,4.72,1.85,3.96,41.79,3.4825,44131011897
131,1898,33.2,29.3,41.2,43.6,56.2,64.9,71.9,72,65.7,55.4,40.3,32,50.475,49.3,48,58.2,60.5,72.3,80.8,85.6,86.4,80.4,70.6,55.9,49.9,66.49166666666666,1.78,1.5,4.58,4.06,3.62,2.49,4.15,5.42,2.94,3.87,3.27,2.13,39.81,3.3175,44131011898
131,1899,28.8,23.7,36.5,44,55.7,67,70,70.2,61.3,54.1,38.7,32.5,48.541666666666664,47.7,40.6,54.2,63.3,74.3,85.1,86.6,84.6,79.2,71,58.7,49.6,66.24166666666666,2.94,6.92,4.64,1.9,1.98,3.1,5.95,3.17,1.82,4.9,0.9,0.88,39.1,3.2583333333333333,44131011899
131,1900,30.6,28,32.2,45.8,55.4,66.6,71.9,72.3,67.2,58.1,45.1,32.5,50.475,47.2,47.9,50,62.4,75.8,82.1,88.8,89.3,83.4,72.3,61.2,49.3,67.475,2.43,3.67,4.01,2.98,2.94,1.99,3.86,2.74,1.82,3.48,4.28,2.46,36.66,3.055,44131011900
131,1901,31.1,25.2,39.1,42.3,54.7,65.4,73.8,71,63.9,50.9,35.9,30.8,48.675,46.3,41.3,57.4,58.1,71.9,81.7,88.4,85.1,79.2,69.5,52.5,48.7,65.00833333333334,2.68,0.87,3.2,4.05,2.62,3.46,4.74,7.74,4.63,1.3,1.66,4.12,41.07,3.4225,44131011901
131,1902,27.1,25.5,38.6,44.4,55.9,64.8,69.9,66.1,61.9,55.4,46.5,31.6,48.975,43.6,40.3,57.9,62.4,74.8,82.7,88.1,84.2,77.3,72.4,63.4,49.2,66.35833333333333,2.69,5.44,1.69,2.77,2.29,2.88,5.16,2.6,4.47,2.86,2.7,4.25,39.8,3.316666666666667,44131011902
131,1903,29.7,32,42.8,46.8,56,61.9,69.8,68.2,62.3,50.8,35.5,27.3,48.59166666666667,46.6,51.1,60.5,63.5,74.9,77.2,87.9,84.1,78.9,69.1,55.2,44.7,66.14166666666667,3.3,4.01,5.92,3.6,1.56,4.78,4.7,5.11,2,6.01,2.04,2.51,45.54,3.795,44131011903
131,1904,24.5,23.7,36.4,43.8,56,65.6,69.5,68.7,62.8,48.9,37.9,28.2,47.166666666666664,43.3,40.7,54,62.4,75.7,81.5,84.7,82.8,79.7,67.8,54.4,43.8,64.23333333333333,2.56,4.19,3.7,1.52,2.33,3.7,6.11,3.18,2.46,2.12,2.13,5.69,39.690000000000005,3.3075,44131011904
131,1905,25.4,22.6,38,45.7,57.6,65,71.4,67.5,63.2,52.6,39.3,33.1,48.45,43,38.1,57,64.8,77,82.5,86.7,84.2,80.3,70.7,58.2,50,66.04166666666667,3.41,4.16,2.31,4.89,2.97,3.11,7.47,4.49,3.4,1.63,0.87,4.9,43.61,3.6341666666666668,44131011905
131,1906,35.5,29.4,34.9,45.5,55.4,66.8,70.4,72.8,67.2,53.8,39.7,31.8,50.266666666666666,49.9,46.8,50,66.6,75,82.3,83.6,85.6,82.2,68,57.8,49.2,66.41666666666667,3.24,5.34,4.87,1.46,2.82,3.21,6.85,9.35,1.62,5.43,1.32,2.84,48.35,4.029166666666667,44131011906
131,1907,33.3,25.4,39.5,40.8,52.2,59.7,70.7,68.4,64.9,46.6,40.7,34.6,48.06666666666667,52.2,42.7,61.1,57.4,70.8,74.8,85.8,81.9,80.5,66.5,55.6,50.8,65.00833333333334,1.64,3.44,3.29,3.72,3.3,3.38,2.43,4.05,3.25,2.1,5.22,3.56,39.38,3.2816666666666667,44131011907
131,1908,29.6,27.7,41.1,48.7,58.4,64.2,72.6,68.4,60.9,53.7,40.2,33.4,49.90833333333333,46.3,44.9,59.1,67.2,75.1,80.9,87.1,82.6,75.1,69.7,57.7,51.9,66.46666666666667,3.25,3.21,3.19,1.28,3.65,4.95,5.37,7.9,1.77,3.55,1.64,3.81,43.57,3.6308333333333334,44131011908
131,1909,34.3,36.6,36.4,46.6,56.7,67,67.1,65.9,61.5,47,44.3,27.7,49.25833333333333,50.6,56.4,53.4,64.8,73.2,82,84.2,81.4,75.9,67,61.1,43.3,66.10833333333333,2.44,2.72,2.35,3.67,3.68,5.92,3.9,4.82,1.6,1.42,0.94,2.32,35.78,2.9816666666666665,44131011909
131,1910,28.8,30.7,41.1,48,53.5,63.6,70.9,67.5,64.7,54.8,35.6,26.4,48.8,46.1,48.3,60.6,67,72.2,77.5,84.1,81.9,80.3,71.8,50.8,41.8,65.2,2.77,1.99,3.45,2.94,2.96,5.12,4.49,6.23,1.26,4.18,1.45,4.09,40.93,3.410833333333333,44131011910
131,1911,32.3,32.2,34,42.8,57.5,65.4,70.2,69.6,66,53.7,37.4,34.3,49.61666666666667,50.7,49.5,54,59.4,77.4,82.6,87.6,86.5,81.2,67.6,55.7,52.8,67.08333333333333,3.29,2.41,3.99,3.42,0.57,4.04,2.83,4.88,2.31,2.35,4.81,4.78,39.68,3.3066666666666666,44131011911
131,1912,22.7,26.4,36.7,48.8,57.2,63.6,69.3,66.5,65.9,53.6,40,33.9,48.71666666666667,38.2,42.3,52.4,68.4,74.7,79.8,84.7,84.2,80.8,70.8,58.3,53,65.63333333333334,3.38,3.24,5.69,2.58,2.63,3.64,2.49,2.61,3.01,0.91,2.13,3.88,36.19,3.015833333333333,44131011912
131,1913,38,29.9,42.8,47.2,55.7,64,69.9,67.4,62.3,53.6,40.1,32.8,50.30833333333334,57,48.6,60.7,64.8,74.9,80.6,87,82.6,77.5,68,59.4,50.1,67.6,3.48,2.12,2.99,1.88,4.88,3.32,6.6,4.09,3.28,3.6,1.26,2.1,39.6,3.3,44131011913
131,1914,32,26,31.4,43.7,55.4,64.4,68.4,68.9,59.3,54.5,38.1,31.6,47.80833333333334,48.4,44.5,48.8,62.2,74.9,82.5,82.8,85.7,77,69.6,57.5,42.3,64.68333333333334,3.43,3.17,3.65,2.22,1.89,3.88,4.08,2.3,2.34,1.77,2.95,6.37,38.05,3.1708333333333334,44131011914
131,1915,30.5,32.7,30.5,46,55.6,62.4,68.5,68.2,63.8,53.6,39.3,28.4,48.291666666666664,46,50.3,46.3,66.7,72.2,77,84.8,83.7,80.2,70.1,60.3,46.1,65.30833333333334,6.02,2.56,1.22,2.06,3.29,4.67,5.67,2.92,1.63,3.46,1.01,2.55,37.06,3.0883333333333334,44131011915
131,1916,33.4,28.4,31.8,43.5,58.2,62.5,70.8,67.1,60,52.6,38.5,30.1,48.075,53.1,48.5,50.3,62.8,75.4,77.8,83.7,83.3,77.1,69,59,48.6,65.71666666666667,2.35,4.01,2.34,2.34,5.52,3.56,4.8,3.21,2.63,2.22,1.97,3.86,38.81,3.2341666666666664,44131011916
131,1917,29.9,26.5,35.8,44.4,50.3,64,69.6,66.5,59.4,46.1,35.5,24,46,48.9,46.5,52.9,63.8,69.2,80.6,83.2,84,72.8,65.7,55.4,38.3,63.44166666666666,2.91,2.28,6.09,2.86,2.62,5.67,10.43,2.32,3.73,5.15,0.76,2.6,47.42,3.9516666666666667,44131011917
131,1918,19.6,29.4,38.1,44.6,59.9,62,65.5,68.6,57,54.4,39.8,35.6,47.875,34.8,50.2,58.5,61.9,76.9,78.1,81.2,85.3,76.3,71.8,56.4,51.7,65.25833333333333,4.57,0.55,3.97,5.95,2.92,4.53,3.59,2.99,5.33,1.36,1.14,3.89,40.79,3.399166666666667,44131011918
131,1919,29,30.7,39,43.7,55.8,63.1,69.5,66,61.6,60.5,40.4,27.6,48.90833333333333,49.5,45.8,56.6,63.6,72.9,77.9,83.9,82.4,79.9,75.8,58.6,45.1,66,4,2.59,4.04,2.76,4.36,2.7,8.82,4.03,1.41,2.25,0.84,2.37,40.17,3.3475,44131011919
131,1920,25.9,27.8,36,44.9,49.3,62.8,66.9,69.2,63.2,53.1,41,35.3,47.95,44.6,42.8,57.2,63.7,67.6,81.6,83.4,82.1,79.2,72.7,58,50.6,65.29166666666667,2.24,7.6,4.1,4.11,1,5.77,4.49,7.4,3.32,0.66,5.38,4.83,50.9,4.241666666666666,44131011920
131,1921,31.9,33.3,46,49.1,54,63.4,71.2,66.6,67.2,51.4,44.4,32.5,50.916666666666664,50,51,65.9,68.5,69.4,82.3,86.7,82.9,84.6,69.6,61.1,49.6,68.46666666666667,3.33,3.75,2.45,3.75,4.3,2.28,3.21,2.93,1.53,1.7,2.2,3.83,35.26,2.9383333333333335,44131011921
131,1922,28.2,32.6,39.1,47.3,57,67,69.5,66.2,63.3,54.2,40.5,33.8,49.891666666666666,43.2,49.5,57.3,66.2,73.9,81.2,83.6,80.8,78.1,71.3,57.8,51.6,66.20833333333333,4.5,5.22,6.45,1.76,2.37,7.07,10.19,6.66,2.35,3.12,0.83,5.03,55.55,4.629166666666666,44131011922
131,1923,32,27.4,36.1,43.3,53.2,66.4,67.6,68.1,64.1,49.7,40.2,38.1,48.85,49.7,44.3,58.8,64.7,71.9,84.4,83.3,83.2,78.1,67.2,55.8,56.6,66.5,2.8,3.53,6.94,5.76,1.79,2.11,5.53,3.24,2.58,2.23,2.95,1.75,41.21,3.4341666666666666,44131011923
131,1924,28.8,28.1,34.4,42.6,53.9,64,67.4,67.2,59.9,48.9,40.3,32.5,47.333333333333336,49.8,45.5,54,62.6,72,80.3,82.5,84,74.9,69.6,58.5,51.9,65.46666666666667,2.7,3.18,4.34,3.96,7.9,6.09,3.92,5.52,4.8,0.27,2.04,4.3,49.019999999999996,4.085,44131011924
131,1925,29.3,35.5,38.4,46.9,50.9,67.9,69,65.8,65.7,49.5,39.6,32.3,49.233333333333334,48.2,57.4,59.8,66.6,70.5,85.2,86.7,81.2,81.4,65.9,56.7,47,67.21666666666667,5.85,1.85,3.07,2.26,2.01,3.15,4.3,2.95,1.67,3.38,2.21,4.73,37.43,3.1191666666666666,44131011925
131,1926,28.9,31.4,31.6,41.8,52.8,61.5,69.6,69.7,63.7,52.5,38.4,30.2,47.675,48.1,49.5,51.4,63.1,72.9,78.8,85.7,86.2,79,70.6,58.1,46.9,65.85833333333333,5.15,3.54,2.69,2.14,2.07,2.09,3.95,7.05,2.13,2.13,3.13,5.26,41.33,3.444166666666667,44131011926
131,1927,28.8,36.2,38.5,42.4,55,59.2,67.1,64.4,61.4,53.5,45,33.9,48.78333333333333,45.4,53.5,57.2,60.7,73.7,77.9,83.9,79,79.4,71.3,62.1,51.7,66.31666666666666,0.86,3.73,2.23,3.55,2.58,4.36,4.57,5.42,2.14,3.39,2.4,6.66,41.89,3.4908333333333332,44131011927
131,1928,29.4,31.1,36.8,43.2,53.7,64.3,68.8,69.3,60.4,52.1,41.8,32.7,48.63333333333333,49.5,49.6,54.9,64,70.3,78.5,85.5,85.8,74.2,70.6,59.8,49,65.975,1.73,2.78,2.78,4.61,2.26,5.02,5.51,3.07,7.51,0.75,1.36,3.08,40.46,3.3716666666666666,44131011928
131,1929,30.5,29.2,42,49,54.9,63.3,67.6,66,61.6,50.2,43.3,33.2,49.233333333333334,48.9,45.6,61.5,68.4,73.7,80,84.2,81.8,78.2,67.8,58.6,50.5,66.6,2.25,5.42,4.57,2.89,4.78,3.24,3.53,2.92,3.13,4.73,3,2.18,42.64,3.5533333333333332,44131011929
131,1930,32.1,33.7,35.3,43.6,56.4,64.7,69.1,65.4,67,48.5,40.7,30,48.875,48.7,55.4,54.2,63.3,77,81.6,87,84.4,84.6,66.4,56.8,47.4,67.23333333333333,3.06,1.69,1.81,1.99,1.97,3.5,2.16,1.23,1.79,1.82,1.05,2.77,24.84,2.07,44131011930
131,1931,30.1,30.3,34.3,42.4,54.6,62.6,70.2,68.1,65.9,52.5,45.8,39.3,49.675,48.5,51.2,50.4,63.8,72.8,81,87.3,84.9,83.5,73,64.2,57.9,68.20833333333333,1.45,1.74,4.2,3.24,4.69,2.7,4.3,7.49,3.25,1.33,0.42,2.31,37.120000000000005,3.0933333333333333,44131011931
131,1932,40.9,35.7,33.1,42.2,53.6,64.5,68.3,67.8,61.6,52.3,39.9,34.7,49.55,58.2,54.8,52.8,64.4,72,82.2,86.3,84.8,79.1,69.5,57.5,52.7,67.85833333333333,4.64,1.94,3.47,2.47,2.42,3.88,3.52,1.41,2.27,5.31,2.26,4.09,37.68,3.14,44131011932
131,1933,36.5,32.3,35.7,45.3,58.9,63.9,67,68.7,66.7,50.8,37.7,34.6,49.84166666666667,55.2,50.4,53.6,63.6,76.5,83.9,84.4,83.9,83.6,69.9,55.9,53.7,67.88333333333334,3.27,3.71,1.92,3.5,3.44,1.75,6.02,10.59,2.6,0.47,1.45,1.56,40.28,3.3566666666666665,44131011933
131,1934,33.4,20.2,33.9,44.8,56.1,68.1,71.1,68.2,66.4,50,41.1,30.5,48.65,51.6,37.4,51.1,63.8,72.9,85.2,87.8,82.6,78.6,68.2,60,49,65.68333333333334,1.83,5.2,4.98,1.61,5.97,2.61,8.83,4.13,6.52,0.58,2.64,1.96,46.86,3.905,44131011934
131,1935,28.6,28.3,41.5,44.2,52.9,65,69.9,67.8,60.8,49.5,46.2,26.6,48.44166666666667,45.1,48,61,60,72,82,85.3,83.4,78.4,69.4,59.1,40.9,65.38333333333334,3.39,2.42,3.58,4.71,3.3,2.53,6.33,4.1,4.55,0.93,3.64,2.29,41.769999999999996,3.4808333333333334,44131011935
131,1936,26.2,24.8,42.3,43.2,54.9,63.2,69.3,69.1,64.4,54.8,38.5,34.2,48.74166666666667,41,41.7,59.6,61.6,76.9,80.9,86.2,85.7,80.6,71.2,56.3,50.1,65.98333333333333,6.46,3.61,4.05,3.26,0.35,4.19,4.34,2.3,4.55,4.05,1.27,5.94,44.37,3.6975,44131011936
131,1937,41.1,30.2,33.8,45.7,54.6,66.2,69.7,70,59.1,49.2,38.7,30.5,49.06666666666667,56,47.4,51.8,63.6,74.2,83.6,85.4,84.9,76.2,65.6,56.6,46.3,65.96666666666667,9.64,2.55,2.88,5.27,2.73,3.08,6.43,6.48,3.03,3.53,4.81,1.68,52.11,4.3425,44131011937
131,1938,29.4,33.6,40.5,48.1,56.3,63.4,69.1,69.3,62.1,50.2,42.1,33.8,49.825,45.8,52.2,61.3,67.4,72.8,79.8,85.5,87.2,77.6,68.1,62.6,49.1,67.45,2.74,2.11,3.8,4.11,3.69,7.03,9.01,1.88,8.45,2.45,2.5,2.09,49.86,4.155,44131011938
131,1939,31.9,34.9,38.5,45.1,56,67.1,68.1,70.6,64.9,53.2,37.2,32.5,50,49.5,55.4,57.4,65.5,76.2,84.3,84,85.6,81.2,70.9,55.1,49.1,67.85,3.58,5.19,4.42,3.96,1.13,4.61,8.25,6.42,1.02,4.38,2.52,1.16,46.64,3.8866666666666667,44131011939
131,1940,19,28.7,33.8,42,54.8,66.3,67.2,67.9,59,48.1,41.1,36.5,47.03333333333333,35.2,46.4,51.6,60.5,73.1,84,86,81.3,76.8,65.6,58,52.8,64.275,2.19,2.65,2.34,4.13,2.85,0.89,4.43,6.84,2.42,2.12,4.78,1.71,37.35,3.1125,44131011940
131,1941,29.7,26.7,30.8,46.7,56,63.9,69.4,67.7,64.1,57,40.8,35.3,49.00833333333333,44.6,42.2,49.5,67.1,78.8,81.1,85.4,85.3,82.7,76.5,62.1,52.3,67.3,2.95,2.53,2.37,3,1.59,4.85,5.83,3.27,0.9,1.11,0.97,2.9,32.27,2.6891666666666665,44131011941
131,1942,27.1,27.4,37.7,45,59.4,67.3,71,68.6,64.6,54.1,42.4,29.7,49.525,45.4,44.1,56.3,67.9,78,84.3,88.8,83.2,81.5,69.3,60.5,46.4,67.14166666666667,2.97,1.7,6.09,0.64,1.36,2.77,3.72,8.42,3.65,4.83,0.91,4.06,41.12,3.4266666666666667,44131011942
131,1943,31.7,30.3,35.4,41.6,58.5,70.2,70,68.1,59.6,49.7,38.7,29.9,48.641666666666666,48.9,52.5,56.4,62.7,77.1,87.1,86.1,86.3,78,66.6,58.5,47.4,67.3,2.98,2.35,3.45,2.48,4,3.91,5.04,1.55,4.95,5.89,1.19,1.75,39.54,3.295,44131011943
131,1944,29.9,31.5,35.4,44.1,60.2,66.1,68.6,66.9,64.7,51.3,40.4,28.8,48.99166666666667,46.4,47.6,53.5,64.5,79.5,84.6,86.9,84.7,79.7,68.2,55.8,44.6,66.33333333333333,4.32,5.16,7.04,3.45,0.79,1.75,3.59,3.95,6.57,2.62,3.47,2.19,44.9,3.7416666666666667,44131011944
131,1945,27.6,30.9,44.6,49.9,54.1,65.1,69.8,66.4,67.3,50.9,43.1,29.4,49.925,41.6,49,66.7,68.8,72.4,83.8,84.2,83.3,81.7,69.5,60.5,41.1,66.88333333333334,2.29,4.98,1.61,2.74,3.27,5.83,12.56,2.21,4.1,2.56,3.25,5.76,51.160000000000004,4.263333333333334,44131011945
131,1946,31.6,32.1,44.1,45.8,56.8,62.9,67.4,65.7,62.7,54.3,46.4,35.6,50.45,47.4,50.4,61.5,64.2,75,80.6,83,81,78,71.1,61.7,54.4,67.35833333333333,2.51,3.06,1.48,2.65,5.99,3.15,4.16,3.82,4.05,1.43,2.62,1.52,36.44,3.0366666666666666,44131011946
131,1947,37,24,31.6,46.6,56.3,63.3,67.6,70.1,65.1,57.1,40.8,31,49.20833333333333,53.1,42.5,46.4,65.3,76,80.1,84,85.3,80.2,73,55.9,47.8,65.8,3.99,1.2,3.08,3.21,1.83,4.36,3.98,2.01,4.31,2.45,5.44,2.55,38.410000000000004,3.200833333333333,44131011947
131,1948,24.5,29.8,40.1,46.1,55.7,64.4,69.5,67.4,62,49.5,46.9,36.5,49.36666666666667,40.2,48.2,58.8,64.8,74.9,82.6,86.9,84.9,78.5,65.2,63.2,52.1,66.69166666666666,4.1,3.58,3.44,4.55,8.15,3.61,3.63,7.23,2.01,3.42,6.85,4.81,55.379999999999995,4.615,44131011948
131,1949,37.7,37.4,37.5,46.9,54.8,66.6,73.3,69.8,61.9,56.8,40.4,34.4,51.45833333333333,54.7,54.1,56.8,64.4,74.7,82.3,88.8,85.2,77.7,72,59,52.4,68.50833333333334,1.19,4.15,2.67,2.1,4.29,1.79,3.83,6.2,2.32,2.17,3.97,2.25,36.93,3.0775,44131011949
131,1950,40.9,33.1,34.2,42.9,54.3,63.8,68.8,66.9,62.5,55.1,40.5,28.8,49.31666666666667,59.2,49.8,53.8,62.8,71.9,83.2,84.8,83.1,77.4,69.9,59.3,45,66.68333333333334,2.37,1.58,3.44,1.73,4.02,1.18,6.96,4.11,2.48,1.3,1.96,2.63,33.76,2.8133333333333335,44131011950
131,1951,32.6,31.1,37.3,44.6,53.6,64.5,69.4,69,62.9,55.4,38.2,34.8,49.45,52.3,50.6,53.4,65.5,74.9,81.8,86.2,84.4,79.4,69.8,56.6,53.3,67.35,1.12,1.81,3.31,2.72,2.07,6.74,5.34,4.15,1.27,2.44,4.43,3.11,38.51,3.2091666666666665,44131011951
131,1952,34.1,33.2,36.7,48.2,55.4,67.3,70.7,68.7,61.6,47.3,40.8,33.4,49.78333333333333,51.4,48.7,54.1,67,74.6,87,88.9,85.6,80.1,66.8,58.9,48.4,67.625,5.22,4.88,5.03,2.87,3.65,2.18,2.78,5.32,4.34,2.53,5.14,2.82,46.76,3.8966666666666665,44131011952
131,1953,35.3,34.5,39.9,46.5,59.9,64.1,70,68.1,61.8,52.2,39.9,35.8,50.666666666666664,52.1,52.4,56.8,65.9,79.6,82.8,89.1,85.7,80.6,70.8,59.1,52.2,68.925,1.77,3.61,3.27,3.58,2.99,4.29,2.02,7.32,4.39,0.7,2.82,2.83,39.59,3.299166666666667,44131011953
131,1954,30.1,34.2,37.2,48.4,52.4,64.6,67.9,68.1,63,53.2,39.4,30.9,49.11666666666667,48,54,56.8,68.9,72,84,86.8,87.1,82.4,73.3,55.8,47.4,68.04166666666667,4.91,2.07,4.5,2.4,4.56,0.4,5.53,4.14,3.98,2.84,2.02,3.03,40.38,3.3649999999999998,44131011954
131,1955,28.2,28.8,39.5,48.8,55.8,60.9,72.5,72.4,63.8,51.6,38.7,27.5,49.041666666666664,43.1,48.2,60,67.3,75.4,80.2,89.2,86.1,78.4,71.3,58.5,42.6,66.69166666666666,1.48,3.24,3.3,2.14,2.03,4.02,2.77,11.72,8.39,2.45,2.39,1.11,45.04,3.7533333333333334,44131011955
131,1956,28.3,34.6,36.1,43.8,51.9,65,68.6,67.1,61.3,55.4,41,40.5,49.46666666666667,41.7,51.7,54.7,62.8,73.2,82.5,85.5,84.4,77.5,67.5,58.3,58.9,66.55833333333334,2.17,4.87,2.98,3.31,2.85,2.85,7.96,3.46,4,7.59,1.74,2.77,46.55,3.879166666666667,44131011956
131,1957,27.8,34.4,38.1,48.9,57.3,67.4,67.3,65.3,65.9,49.2,43.4,35.5,50.041666666666664,44.6,49.5,53.3,69.8,75.9,83.5,86.7,83.4,80,64.4,59,52.4,66.875,3.13,4.7,6.26,2.64,1.49,4.54,2.23,7.28,6.02,6.57,5.29,5.13,55.28,4.6066666666666665,44131011957
131,1958,27.7,26,34.7,47,55.8,60.9,72,68.7,59.5,52,43.4,24.8,47.708333333333336,42,41.7,47.6,63.1,72.7,78.8,88.1,83.5,78,67.4,62.2,42.1,63.93333333333334,4.01,3.67,6.37,4.09,6.27,5.18,4.13,11.84,0.61,5.26,1.91,3.51,56.85,4.7375,44131011958
131,1959,27,30.3,36.5,47.7,59,64.9,70.7,70.6,63.8,55.9,40.4,34.8,50.13333333333333,45.8,48.7,56.4,67.4,76.2,83.7,84.4,87,79.7,70.7,58.2,51.4,67.46666666666667,1.43,1.97,4.15,5.09,1.64,1.91,5.24,1.59,3.28,6.64,2.19,2.6,37.73,3.1441666666666666,44131011959
131,1960,31,31.2,27.7,48.7,54.7,64.1,66.9,70.8,63.5,51.4,41.1,24.4,47.958333333333336,47.2,47.8,43.1,71.3,72.6,81.6,83.4,85,78.2,68.2,60.7,44.3,65.28333333333333,2.48,3.56,2.49,1.66,5.28,3.74,6.35,5.25,5.51,4.55,0.88,2.42,44.17,3.680833333333333,44131011960
131,1961,23.8,31.5,39.8,43.7,52.8,62,70.2,69.2,66.5,50.7,44,31.6,48.81666666666667,41.2,49.3,58,61.8,69.8,79.2,86.4,84,81.6,69.1,58.7,47.8,65.575,3.83,5.65,4.29,2.97,6.99,4.86,2.72,3.29,1.3,5.27,1.47,5.23,47.870000000000005,3.9891666666666667,44131011961
131,1962,28.6,29.3,34.4,45.7,57.4,63.8,66.8,66.5,59.7,52.6,39.4,29.1,47.775,46.4,46.6,51.1,64.7,76.2,80.2,82.2,82.9,76,69.2,54.3,43.2,64.41666666666667,4.2,3.6,4.21,5.13,2.66,4.86,4.67,3.17,4.25,2.08,5.39,3.64,47.86,3.9883333333333333,44131011962
131,1963,25.5,22.6,40,46.9,51.9,62.8,67.1,67,57.9,50.5,42.6,26.9,46.80833333333333,42,41.8,60.6,66.7,72.2,81.4,86,84.2,74.1,69.9,60.6,42.2,65.14166666666667,3.13,3.18,4.97,0.69,3.37,7.65,0.92,2.58,4.47,0.4,5.34,2.74,39.44,3.2866666666666666,44131011963
131,1964,30.1,29.8,38.3,45.2,54.9,62.6,68.8,65.5,61.7,47.3,41.9,35.2,48.44166666666667,48.9,45.5,57.7,62.2,74.6,82.3,83.7,82.3,78.3,64.5,62.9,52.6,66.29166666666667,3.96,5.45,3,2.94,1.65,4.24,3.38,3.95,6.97,4.56,1.53,3.73,45.36,3.78,44131011964
131,1965,28.5,28.3,34.1,43,57.9,62.5,68,67.4,63.6,49.2,40.5,32.6,47.96666666666667,47.2,48.4,50.7,60.7,77.6,79.8,82.8,83.8,80.2,66.7,59.7,51.7,65.775,2.38,1.92,3.38,2.19,0.47,4.63,8.58,1.59,1.73,1.32,0.39,0.75,29.33,2.444166666666667,44131011965
131,1966,27,28.9,36.7,43.3,52.9,61.4,68.4,68,60.2,48.6,39.9,31.6,47.24166666666667,41.3,43.4,56,61.4,71.2,80,87.1,83.5,77.7,68.8,59.1,47.4,64.74166666666666,3.66,3.73,1.8,1.72,5.55,4,3.25,2.28,4.5,1.65,0.54,3.37,36.05,3.0041666666666664,44131011966
131,1967,33.5,28.2,35.1,44.6,49.2,59.9,68.5,67.6,56.9,48.4,36.3,33.4,46.8,50.2,45.6,54.8,67.3,69.3,78.9,82.6,81.6,75.1,68.2,54.7,51.1,64.95,3.12,4.02,2.36,1.14,3.96,1.9,4.86,8.75,2.34,0.95,1.69,6.74,41.83,3.4858333333333333,44131011967
131,1968,24.2,23.1,37.2,43.5,53.5,64.6,69.7,69.6,60,54.1,43.1,30.6,47.766666666666666,41.5,42.6,58.4,64.7,72.8,82.3,85.5,87.5,78.9,70,60,46.5,65.89166666666667,2.97,1.25,4.58,2.37,2.6,3.37,3.94,1.97,2.54,2.96,3.74,2.71,35,2.9166666666666665,44131011968
131,1969,27.9,31.1,32.8,46.7,54.7,65.7,70.6,67.1,61.4,52.8,40.5,32,48.608333333333334,43.3,42,49.7,66.1,73.3,82.9,85.8,83.5,76.8,68.4,54.9,46.7,64.45,2.58,2.96,4.02,2.48,2.04,3.06,5.13,6.47,2.99,1.72,2.06,5.77,41.28,3.44,44131011969
131,1970,22.3,28.5,34.4,44.4,55.8,64.2,68,68.5,64.4,55.4,42.6,34.3,48.56666666666667,39.2,48.6,50.6,63.7,75.8,81.9,83.7,85,82.7,70.6,58.3,50.4,65.875,2.34,3.45,4.76,3.59,1.77,3.93,6.07,2.58,2.95,1.02,2.58,2.43,37.47,3.1225,44131011970
131,1971,27,30.2,35.6,42.2,53.4,65.3,69.1,67.2,65.3,60.2,41.5,40.2,49.766666666666666,42.3,49.9,53.1,63.6,71.6,81.4,84.7,83.4,78.8,71.6,58.7,58.6,66.475,3.49,2.89,3.29,2.14,6.08,1.25,2.92,5.88,1.91,8.61,2.54,1.83,42.83,3.569166666666667,44131011971
131,1972,34.1,30.1,36.8,44.2,55,60.9,68.7,66,62.5,49.6,40.9,38.9,48.975,50.2,47,53.7,63.8,68.9,77.4,84.7,83.2,78.1,65.2,56.5,54.2,65.24166666666667,3.52,4.53,2.95,3.21,5.28,4.77,3.45,3.15,5.87,5.21,5.04,3.68,50.660000000000004,4.221666666666667,44131011972
131,1973,30,28.2,42.4,46.4,55.6,67.4,68.8,69.4,64.3,52.5,42.5,35.2,50.225,46,45.4,57.7,63.9,72.3,81.9,85.1,85.1,81.3,71.3,62.4,51.8,67.01666666666667,3.07,3.67,4.2,3.91,2.98,5.55,2.01,5.19,2.27,2.1,1.77,5.08,41.8,3.4833333333333334,44131011973
131,1974,37.9,31,40.3,47.5,56.4,62.4,67.3,67.9,60.8,45.6,39.9,34.8,49.31666666666666,53.9,48.3,59.5,68.6,73.4,77.8,84.7,82.4,77.3,67,58.5,51.8,66.93333333333334,4.15,3.23,4.21,2.32,3.12,3.16,4.91,4.85,3.19,1.24,1.06,3.71,39.15,3.2625,44131011974
131,1975,34,33.8,37.1,42.4,56.4,64.4,67.8,69.3,63.1,53.5,44.8,33.3,49.99166666666667,50.5,50.2,54.1,59.6,73.5,82.2,83.6,87.2,77,70.1,63.2,50.4,66.8,5.57,4.14,7.58,3.51,2.28,1.77,6.83,2.38,7.73,5.04,2.47,2.94,52.24,4.3533333333333335,44131011975
131,1976,27.4,36.5,41.6,48.2,54.8,64.8,67.6,65.1,59.2,46.5,34.4,28.4,47.875,45.5,58.4,60.5,68.4,72.1,81.4,85.3,82.2,78.3,64.5,52.9,46.8,66.35833333333333,3.83,1.65,1.96,1.11,3.14,1.88,3.12,3.51,4.07,3.38,1.78,3.05,32.48,2.7066666666666666,44131011976
131,1977,19,28.6,42.3,48.3,55.7,61.9,70,69.4,64.9,49.9,45.7,32.4,49.00833333333333,34.1,49.3,59.3,68.9,75.2,80.5,88.3,87.6,82.2,66.2,59.4,48.8,66.65,3.54,2.65,3.16,1.86,2.4,2.49,2.79,4.58,1.83,4.29,4.03,5.54,39.160000000000004,3.263333333333333,44131011977
131,1978,26.2,21.9,34.8,44.5,54.1,63.3,67.4,70.9,61.5,48.6,45.7,34.7,47.800000000000004,41.6,36.7,51.1,63.8,69.3,81.1,83.7,87.2,80.6,68.8,60.9,52.9,64.80833333333334,5.86,1.25,6.33,4,6.27,2.76,4.76,3.14,1.49,1.46,5.21,3.21,45.74,3.8116666666666665,44131011978
131,1979,29.5,22.6,37.4,46.2,57.5,60,67.7,69.2,64,49.4,44.7,34.4,48.55,45.7,37.3,57,63.3,73,77.3,83.4,84.8,77.9,68.8,62.7,51.1,65.19166666666666,6.42,4.73,4.53,3.85,6.82,4.24,6.61,4.11,9.27,2.12,5.65,1.23,59.58,4.965,44131011979
131,1980,30.4,25.1,35.8,46.9,57,62.8,69.7,70.1,65.5,50.8,38.7,30.8,48.63333333333333,44.1,41.2,52,65.7,75,81.1,88.3,87.8,82.4,67.8,56.5,48.3,65.85,3.77,2.39,4.83,3.08,2.71,1.01,2.74,2.7,1.8,4.84,2.55,1.63,34.05,2.8375,44131011980
131,1981,22.8,31.7,34.2,48.8,54.4,68.2,69.8,66.2,60.6,49,40.8,30.9,48.11666666666667,39.1,50.5,52.5,68.8,71.3,84.9,86.1,81.8,77.6,67.4,57,46,65.25,0.89,2.88,1.9,3.33,3.72,3.14,4.78,4.06,3.43,2.81,1.27,5.14,37.35,3.1125,44131011981
131,1982,24.4,32,37,42.9,56.8,64.2,69.5,66,60.9,50.8,43.5,39.6,48.96666666666667,41.2,46.6,55.3,62,75.6,78.7,85.6,82.1,76.9,67.4,60.9,54.2,65.54166666666667,4.47,4.38,4.47,2.75,1.57,4.67,6.45,5.44,2.32,2.78,4.13,3.65,47.08,3.9233333333333333,44131011982
131,1983,31.7,31.3,40.8,44.3,54.6,63.1,69.3,68.5,62.4,54.1,41.4,31.4,49.40833333333333,44.4,45.2,56.4,61.6,72.7,80.3,88.8,87,80.6,68.7,60,48.1,66.15,2.17,4.77,5.48,6.31,3.44,4.1,0.55,1.69,3.58,4.27,4.35,5.67,46.379999999999995,3.8649999999999998,44131011983
131,1984,25.7,35.5,34.5,45,55.8,66,68.1,68.9,61.2,59,39.1,39.2,49.833333333333336,41.4,52.5,50.9,61.1,74.6,83.2,83,84.6,77.1,73.2,57.3,57.6,66.375,3.89,4.09,6.69,4.99,4.83,2.53,5.06,1.07,1.81,1,2.29,2.06,40.31,3.359166666666667,44131011984
131,1985,25.5,30.8,39.6,49,57.5,64.1,69.6,68.4,62.5,56.5,50.2,31,50.391666666666666,41.1,46.8,58.6,70.6,75.7,80.8,85.4,84.1,81,72,65.3,47.7,67.425,4.18,3.14,3.1,0.47,3.2,3.8,3.48,1.96,5.99,4.54,5.21,1.24,40.31,3.359166666666667,44131011985
131,1986,28.6,32.1,37.4,45.3,56.2,65.9,71.8,67.4,62.6,54.4,43.9,35,50.05,46.2,46.2,57.5,64.2,76.2,84.1,88.9,82.4,78.8,71.7,58.7,50,67.075,2.93,2.62,0.71,1.43,0.69,1.47,3.89,8.04,0.75,1.13,2.26,4.9,30.82,2.5683333333333334,44131011986
131,1987,29.8,27.9,36,45.2,56.4,66.4,71,69.3,64.4,45,42.9,35.2,49.125,43.9,44,54,60.8,76.1,83.3,89.3,86.8,80.5,66.2,61.7,51.7,66.525,8.57,2.53,2.62,3.02,2.23,4.57,1.75,1.63,2.78,1.96,3.48,3.09,38.23,3.1858333333333335,44131011987
131,1988,26.3,30.9,37,45.3,54.5,62.6,69.8,71.2,60.6,45.8,42,31.3,48.108333333333334,41.8,49.1,56.6,62.5,72.4,81.5,87.4,86.3,76.7,64.5,60.8,49.8,65.78333333333333,2.84,3.75,3.04,3.31,4.04,2.84,3.84,4.57,2.74,2.86,3.72,0.73,38.28,3.19,44131011988
131,1989,33.6,31.7,38.9,44.3,54.5,68.4,69.3,69.4,64.7,52.3,41.5,24.4,49.416666666666664,50.9,48.4,55.4,63,72.1,84.4,85.4,82.9,78.8,70.4,59,39.5,65.85,2.2,4.59,7.1,4.28,2.85,4.46,5.3,8.58,3.75,3.31,3.52,2.31,52.25,4.354166666666667,44131011989
131,1990,35.3,37.2,41.5,46.6,55.6,64.4,71.4,69,60.8,54.9,42.5,39.3,51.541666666666664,54.2,56.7,59.1,64.9,72.7,81.9,87.4,83.8,77.1,73.3,62.4,56.2,69.14166666666667,3.89,2.87,4.38,2.66,6.05,1.46,3.76,9.06,2.12,2,1.71,2.94,42.9,3.575,44131011990
131,1991,33.4,33.7,41.5,49,61.3,65.5,72.4,70.1,61.6,51.4,41.7,35.8,51.45,49.2,53.9,57.4,67.7,79,82.8,88.2,85,79.2,70.1,59.1,54.2,68.81666666666666,5.09,1.05,4.53,3.34,0.83,3.27,4.31,2.81,2.39,4.5,1.09,3.07,36.28,3.0233333333333334,44131011991
131,1992,32.1,34.2,36.8,46.3,52.4,61.1,71.4,66.4,64.2,49.1,43.6,34.8,49.36666666666667,48.6,50.8,54.4,64.7,69.3,77.7,86.8,81.3,77.8,66.4,58.4,49,65.43333333333334,2.19,3.04,3.57,2.19,4.28,2.89,5.43,9.88,5.83,1.91,4.47,4.18,49.86,4.155,44131011992
131,1993,35.2,28,35.8,45.1,56.9,65.6,72.9,68.2,64.4,50.9,41.9,31.8,49.725,48.8,44.8,52,62.9,75.1,82.2,89.8,86.1,80.7,68.8,59.7,46.1,66.41666666666667,4.55,2.06,6.99,3.9,5.1,2.79,0.81,1.8,3.66,3.71,1.83,3.42,40.62,3.385,44131011993
131,1994,25.4,29.7,38,50.3,52.8,68.3,72.7,66.6,60.8,50.6,45.7,38.7,49.96666666666667,42.7,48.6,58.1,71.7,71,84,88,82.9,78.2,68,63.7,53.9,67.56666666666666,3.97,4.86,9.5,0.91,3.2,2.76,6.91,3.69,2.89,1.97,4.37,1.52,46.550000000000004,3.879166666666667,44131011994
131,1995,34.7,29.5,39,46.4,56.4,65.6,72,70,62.9,54.2,38.6,30.3,49.96666666666667,47.7,45.4,57.2,67.3,73.8,80.1,89,86.4,78.1,72.3,55.2,44.4,66.40833333333333,2.97,1.52,2.67,3.06,4.1,3.21,2.11,1.59,4.72,4.89,2.94,2.2,35.98,2.998333333333333,44131011995
131,1996,29,30.3,34.7,46.8,55.6,65.8,68.9,66.2,63.5,51.9,37.1,37.4,48.93333333333334,44.6,46.1,51,65,71.7,81.9,83.9,81.9,78.6,69.4,52.8,52.3,64.93333333333334,5,3.02,3.28,4.05,3.57,3.84,7.94,4.66,4.86,5.16,3.1,4.91,53.39,4.449166666666667,44131011996
131,1997,31.3,35.9,39.9,43.1,52.1,61.7,69.4,65.2,62.6,51.7,41.5,33.8,49.016666666666666,47.3,52.2,58.1,61.4,71.6,79.7,87,84.2,79.5,69.6,56.2,49.7,66.375,2.41,4.02,3.49,3.28,1.61,1.71,5.72,1.52,1.11,4.35,6.13,3.24,38.589999999999996,3.2158333333333333,44131011997
131,1998,36.9,37.2,40.8,47.6,57.6,65.9,69.2,68.9,66.1,52.3,40.9,38.5,51.825,51.7,51.2,56,67.8,74.5,82,86.3,85.3,83.2,69.8,60.3,54.6,68.55833333333334,6.72,7.9,5.23,2.92,5.53,4.33,2.96,3.31,4.03,1.12,1.49,5.14,50.68,4.223333333333334,44131011998
131,1999,33.3,33.2,35.8,46.4,55.9,64.7,71.6,69.5,63.8,50.4,45.3,35.1,50.416666666666664,53,50.7,54,67.9,73.7,80.2,88.6,86.2,77.1,68.8,63.5,52.9,68.05,4.81,2.03,5.87,3.02,1.33,3.33,3.45,4.6,12.03,5.69,1.11,2.14,49.41,4.1175,44131011999
131,2000,29.5,32.8,40.9,47.8,58.9,67,66.8,68,62.1,50.9,38.9,27.9,49.291666666666664,46,54,60.7,63.9,77.2,83.1,82.6,83.6,76.9,70.9,55.4,43.4,66.475,4.35,1.64,3.79,4.03,4.18,4.04,7.7,6.8,4.78,0.03,1.64,2.14,45.12,3.76,44131012000
131,2001,29.1,33.1,36.2,46.5,55.8,66.6,66.3,69.6,60.5,50.2,44.4,39.4,49.80833333333333,45.2,50.9,52.7,67,74.2,82.2,83.4,85.8,77.2,70.9,64.9,56.7,67.59166666666667,1.69,2.57,4.35,2.23,3.64,5.35,7.28,2.63,2.13,0.7,0.11,1.68,34.36,2.8633333333333333,44131012001
131,2002,33.8,33.7,40.4,50.9,55.6,66.2,70.5,69.9,65.1,56.3,41.6,32,51.333333333333336,51.7,54.3,59.6,69.9,74.7,84.4,89,87,80.1,69.8,57.6,47.8,68.825,4.16,1.19,4.48,4.44,2.55,2.37,4.55,3.28,2.59,5.65,4.31,4.23,43.8,3.65,44131012002
131,2003,26.4,30.4,39.6,46.8,54.4,65.6,71,71.2,65,51.1,46,33.7,50.1,40.9,44.7,59,64.4,70.3,80.5,85.5,85.7,79.1,69.1,64.9,50,66.175,2.47,5.13,4.47,5.41,4.58,2.96,6.1,6.43,5.77,3.94,2,6.67,55.93,4.660833333333334,44131012003
131,2004,27.2,30.6,40,48.1,63.4,66.1,70.5,68,64.2,52,42.9,34,50.583333333333336,43.2,47.2,56.8,66.1,81,81.1,85.5,82.9,78.3,67.7,60.3,51.6,66.80833333333334,2.18,2.41,1.94,4.48,3.03,5.53,9.53,9.85,2.14,3.12,3.67,3.69,51.57,4.2975,44131012004
131,2005,30.6,31.4,34.8,46,52.3,66.2,72.3,71.6,65.3,55.6,43.7,31.6,50.11666666666667,47.7,48.1,51.1,65.4,69.6,81.3,87.8,87.2,82.6,69.8,63.6,47.5,66.80833333333334,3.42,2.33,3.11,2.38,4.6,5.69,5.18,5.24,0.84,6.3,3.04,4,46.13,3.8441666666666667,44131012005
131,2006,36.8,31.2,37.4,48.7,54.7,65.5,70.8,71.1,61.5,51.6,45.1,36.7,50.925,53.4,49.3,57.5,68.4,74.4,81.3,87.5,88.1,76.9,68.3,61.2,56.7,68.58333333333333,3.35,1.03,0.27,3.16,2.78,8.23,4.56,3.72,12.9,6.06,5.29,2.62,53.97,4.4975,44131012006
131,2007,35.7,26.4,39.1,44.9,55.5,66,68.7,69.7,64.3,60.1,41.6,36.8,50.733333333333334,52.9,43,60,64.9,74.2,82.8,86.8,87.5,81.4,76.8,59.3,53.5,68.59166666666667,2.15,2.54,1.74,4,2.01,4.49,2.51,4.05,1.18,4.17,1.13,4.39,34.36,2.8633333333333333,44131012007
131,2008,31.7,34.4,40.8,49.4,54.1,67.6,69,67.5,65.6,50.1,40.4,37,50.63333333333333,48.4,54.1,59.5,66.5,73.4,86.7,86.3,84.5,80.9,68.6,55.8,55,68.30833333333334,1.95,3.6,2.92,5.36,5.02,4.63,4.53,1.91,2.84,0.99,4.92,4.28,42.95,3.5791666666666666,44131012008
131,2009,27.6,31.2,37.5,48,58.7,66.5,68.5,71.7,63.1,53.3,46.9,34.2,50.6,43.3,51.4,54.6,68.1,75.2,82,84.5,87.3,77,69.9,60.8,48.7,66.9,2.01,0.65,5.17,2.36,3.85,6.5,4.09,5.37,5.71,2.92,8.56,7.37,54.56,4.546666666666667,44131012009
131,2010,28.8,27.6,40.1,49,59.6,70.9,72.4,70.6,65.1,54.1,41.6,26.7,50.541666666666664,43.7,41.9,58.2,71,78.2,88.2,91.4,87.4,83.1,72,59.3,40,67.86666666666667,3.36,4.15,6.68,0.96,3.28,2.04,2.09,4.08,6.09,3.74,0.56,2.73,39.76,3.3133333333333335,44131012010
131,2011,26.8,32.6,38.6,51.9,58.9,67.9,72.2,69.7,65.8,51.8,44.2,38,51.53333333333333,40.9,54.4,55.6,70.4,76.8,85.8,89.8,86.7,79.6,69.4,63.4,56.5,69.10833333333333,3.08,1.74,3.67,1.83,1.46,7.48,4.65,8.38,4.5,2.66,2.76,1.42,43.63,3.6358333333333333,44131012011
131,2012,33.7,35,46.8,47.2,60.6,64.2,74.1,70.7,62.5,54,39,38.9,52.225,51.9,53.3,66.2,67.1,76.5,82.3,90.8,85.1,79.8,70,54.5,55.3,69.39999999999999,2.36,3.59,2.76,2.93,3.37,3.92,4.7,8.42,2.04,9.01,0.82,4.19,48.11,4.009166666666666,44131012012
131,2013,32.5,32.6,35,48.1,57.6,67.6,72.1,67.6,60.5,55.1,40,35.1,50.31666666666666,49,47.4,50.4,66.4,73.7,82.6,86.8,82.4,78.6,70.7,57.6,53.8,66.61666666666666,4.03,4.73,4.42,3.51,2.46,5.64,4.08,3.92,1.56,3.75,2.41,5.87,46.38,3.865,44131012013
131,2014,24.5,29.8,34,46.1,58.4,65.5,69,67,65,54.6,38.9,36.5,49.108333333333334,45.3,47.7,54,64.9,77,82.2,85.2,82.6,79.2,72.1,56.4,52.1,66.55833333333334,2.97,2.68,3.8,4.4,5.73,2.08,3.88,3.21,5.82,1.53,3.99,3.39,43.480000000000004,3.6233333333333335,44131012014
131,2015,28.9,21.1,34.7,47.3,59.7,69,70.9,67.8,66.5,52.8,46.7,46.2,50.96666666666667,45.7,39.8,54.2,67.8,77.3,84.2,85.9,84.9,81.4,69.3,63.7,62.5,68.05833333333334,4.06,2.42,3.21,5.28,2.44,5.99,4.86,2.66,3.01,3.94,3.83,3.35,45.05,3.754166666666667,44131012015
131,2016,29.9,33.5,43.2,45.1,55.7,65.9,72.9,72,67.6,55.9,40.7,34.5,51.40833333333333,47.4,50.4,62.5,65.4,71,81.6,88.8,88.2,81.7,72.7,60.8,51.2,68.475,4.51,5.62,2.92,2.29,6.78,4.6,6.14,2.14,9.91,7.46,1.47,2.8,56.64,4.72,44131012016
131,2017,35.1,37.4,37.9,54,57.5,66.5,72.6,68.9,64.1,55.6,41.3,31.6,51.875,49.9,59.4,56.9,72.4,73.4,83.5,88.9,83.9,80.1,73.7,60.6,49.6,69.35833333333333,4.79,1.31,4.33,2.67,8.09,2.77,3.45,10.15,3.05,4.59,1,2.31,48.51,4.0425,44131012017
131,2018,25.1,37.4,35.2,44.6,62.1,68,69.1,71.4,70.4,54.8,40.8,35.9,51.233333333333334,45.1,58.6,51.2,64.6,79.9,83.9,85.2,87.5,83.2,72.2,58.7,52.6,68.55833333333334,3.88,2,3.73,2.34,5.91,4.44,6.32,3.35,7.84,3.46,5.02,4.33,52.62,4.385,44131012018
131,2019,30.1,34.3,37,51.3,62.2,67.1,70.6,69.6,65.5,57.3,38.5,36.2,51.641666666666666,49,53.6,55.3,69.8,80.2,83.8,89.3,86.4,82.8,73.5,56.3,55.5,69.625,4.14,4.17,3.35,4.85,2.43,4.17,6.94,2.6,1.98,5.25,2.59,2.59,45.06,3.755,44131012019
131,2020,35.3,36.4,44.6,46.1,54.9,66.5,73.1,71.7,64.3,55.5,45.4,34.8,52.38333333333333,52.9,54.8,61.7,65,70.7,81.5,90.6,85.7,77.8,71.4,64.6,51.6,69.025,3.63,5.49,4.63,4.29,3.22,3.61,3.18,7.73,6.76,3.59,6.22,5.18,57.53,4.7941666666666665,44131012020
131,2021,31.9,32.5,40.5,47.3,53.6,66.9,NA,NA,NA,NA,NA,NA,45.45,46.3,46.2,60.8,67,74.9,82.2,NA,NA,NA,NA,NA,NA,62.9,3.52,5.74,2.6,2.11,1.67,4.49,-9.99,-9.99,-9.99,-9.99,-9.99,-9.99,-39.81,-3.3175,44131012021
