CNTY_FIPS,TempType,Months,1895,1896,1897,1898,1899,1900,1901,1902,1903,1904,1905,1906,1907,1908,1909,1910,1911,1912,1913,1914,1915,1916,1917,1918,1919,1920,1921,1922,1923,1924,1925,1926,1927,1928,1929,1930,1931,1932,1933,1934,1935,1936,1937,1938,1939,1940,1941,1942,1943,1944,1945,1946,1947,1948,1949,1950,1951,1952,1953,1954,1955,1956,1957,1958,1959,1960,1961,1962,1963,1964,1965,1966,1967,1968,1969,1970,1971,1972,1973,1974,1975,1976,1977,1978,1979,1980,1981,1982,1983,1984,1985,1986,1987,1988,1989,1990,1991,1992,1993,1994,1995,1996,1997,1998,1999,2000,2001,2002,2003,2004,2005,2006,2007,2008,2009,2010,2011,2012,2013,2014,2015,2016,2017,2018,2019,2020,2021
001,Minimum,Jan,27.5,28,26.2,32.1,27.8,29.1,30,25.8,28.2,23.1,24.4,34.9,31.5,28,32.1,28,32.5,21.3,37.2,31.4,30.4,32.6,29.1,17.7,29.3,24.6,30.9,26.8,30.9,27.7,28.5,28.1,27.6,27.9,28.3,30.6,29.3,39.4,35,31.5,26.8,24.3,39.5,28.8,30.2,18,28.7,25.3,30.3,29.4,25.9,30.1,35.2,23.6,36.2,38.8,31.7,32.9,34.8,28.8,27.8,27.9,26.2,26.6,25.9,30.6,22.3,27.9,24.4,28.6,27.1,25.4,32.6,22.7,26.6,21.6,24.9,32.3,28.6,35.7,32.3,26.1,18.1,25.4,28.2,29.3,22.3,22.6,30.3,24.7,24.4,27.4,28.8,24.8,32.7,34.4,31.4,30.6,34.5,24.2,33.8,27.9,29.6,35.7,31.8,27.7,28.2,33,24.9,25.3,29,35.9,34.2,30.3,26.2,27.8,26,33,31.5,23.5,27.7,28.7,34.7,25,29.3,34.5,31.4
001,Minimum,Feb,19.5,29.9,31.4,28.6,22.3,26.9,23.5,25.1,30.9,23,22,27.7,24,26.5,34.7,29.4,31.9,25.2,28.9,23.4,32.3,27,25.7,27.2,29.7,27.3,32.3,31.6,25.7,27.8,34.8,29.7,34.3,29.7,28,31.6,29.5,33.6,30.8,17.2,27.3,22.6,29.3,32,33,27,25.7,26,28.5,29.2,29.6,30.6,24,28.5,35.2,31.2,29.5,32.2,33.3,33,27.8,33.4,33.8,24.9,29,30.4,31.1,28,21.5,28.9,27.8,29.3,26.5,22.3,30,27.9,28.9,28.7,27.3,29.8,32.5,34.8,27.3,21.2,20.4,24.4,30.6,30.6,30.3,34.5,29.8,30.8,27.1,29.8,30.2,35.5,32.7,32.8,26.6,28.6,28.5,29.3,34.7,36.4,31.9,31.6,31.5,33.1,29.2,29.5,30.5,30.2,24.8,32.6,30.2,27,31,34.2,31.3,28.9,19.4,32.8,36.2,36.6,33.3,35.4,32.3
001,Minimum,Mar,34.2,32.6,38.8,40.1,35.9,32.5,38,37.8,41.9,35.8,37.2,33.4,38.4,39.3,34.7,39.6,32.7,35.3,41.4,30.1,29.8,30.1,35.5,37.1,37.9,34.6,44.3,37.9,34.9,33.8,37.1,30.5,37.1,34.7,41,33.7,34.1,32.1,34.7,31.8,38.9,40.9,32.3,38.4,36.1,32.1,29.6,36.5,33.5,33.6,42.9,42,30.8,37.7,36.2,32.6,36,34.8,38,35.7,38.3,34.3,36.8,33.8,35.2,26.3,38.5,33.9,38.2,37.5,33.2,35.7,33.8,36.2,31.8,33.6,33.9,35.5,41.2,38.8,35.8,39.8,40.6,34.3,36.6,34.2,33.6,36.1,39.4,33,37.7,36,35.4,35.8,37.2,39.8,40.2,35.8,34.7,36.6,37.9,33.5,38.5,39.2,34.6,39.7,34.7,39.7,37.9,38.4,33.8,35.9,37.4,39.1,36.1,39.3,37.7,45.1,34.4,33.1,33.3,42.1,36.9,34.3,35.8,42.9,39.6
001,Minimum,Apr,45,48.1,43.9,43,42.4,44.8,42.7,43.7,46.3,43.2,44.8,44.9,39.9,46.7,45.2,47.5,42,47.7,47.5,43,45.6,43.4,44.6,45.2,43.3,44.2,48.6,45.6,42.4,41.9,45.4,41.1,41.1,41.9,47.7,41.8,41.8,41.2,44,42.7,42.8,41.9,45.2,46.6,43.8,40.6,46.1,44.4,39.5,42.8,48.2,44.7,44.7,44.1,45.2,41.4,44.2,47.3,45.8,47.2,47.7,42.1,47.4,45.8,46.2,47.4,42.4,44.9,44.4,43.3,41.3,41.6,43.2,42.4,45.5,43.2,40.5,42.2,44.9,45.9,41.2,45.2,46.5,43.7,44.9,46.2,47.2,41.6,43.5,43.9,47.8,44.2,44.5,44.4,43.1,45.4,47.6,44.5,43.7,48.5,45.3,45.2,42.8,46.2,44.7,46.4,44.8,49.2,45.1,46.2,44.9,47.1,43.6,47.9,47.1,47.6,50,46.1,46.5,44.8,45.9,44.1,52.2,43.7,50.4,45.5,46.6
001,Minimum,May,53.2,60.6,53,55.6,54.1,54.6,54.1,55.1,55.7,55.4,57.4,54.7,51.5,57.3,54.6,53.4,57.1,56.4,55.2,54.5,53.6,57.6,49.2,59.3,55.7,48.7,52.9,55.5,51.1,53.2,49.3,51.3,53.9,52.3,54.2,55,53.8,52.4,57.2,54.6,50.8,52.8,52.5,53.8,54.3,54,54.9,58.4,56.8,58.6,52.6,55.1,55,54.8,53.9,52.8,53,53.7,58.9,52.5,54.9,51,55.7,54.7,57.6,53.2,51.8,55.9,50.8,53.7,56,51.3,47.8,52.1,53.4,54.5,51.9,53.5,53.9,54.5,55.4,53.2,54.4,52.5,56.6,56,52.9,55.3,52.9,53.9,55.9,55,54.7,53.7,53.9,54.5,59.7,51,55.4,51.6,55.4,54,51,56.2,55,57,54.4,54.3,52.6,61.2,50.4,53.5,53.7,52.8,56.6,57.6,58.3,59.8,56.6,57.2,58.3,55,56.4,60.7,60.8,54,53.3
001,Minimum,Jun,65.8,65.1,62.4,64.3,66,65.9,64.3,63.3,61.7,64.4,64.2,66.1,58.9,62.8,65.8,62.5,64.5,63.1,62.6,63.1,61.5,61.7,64,60.8,62.5,62.3,62.6,66.4,65.3,63,67.3,60,58.2,63.1,62.3,64,61.9,63,62.4,66.6,62.7,62.3,64.4,62,64.9,64.6,63,66.2,69.3,64.2,64.4,61.4,61.5,63.3,65.1,62.2,62.8,66,63.4,62.8,59.6,63.4,65.6,59.9,63.6,62.5,61.1,62.6,61.4,61.8,61,60.7,59.3,63.4,64.5,63,63.9,59.7,65.8,61.2,63.9,63.7,60.4,62,59,61.6,65.9,62.6,62.2,64.8,63.1,64.1,65.2,61.6,67.6,63.6,64.5,59.7,64.2,66.3,63.9,64.4,60.2,64.7,63.4,65.7,65.5,65.2,64.3,64.5,64.7,64.7,64.5,66.3,65,69.4,66.8,63.7,66.7,64.9,67.8,65.2,65.7,67.3,67,66,66
001,Minimum,Jul,66.8,70.8,71,71.8,69.3,71.3,73.5,68.6,69.3,68.4,70.6,69.9,69.2,71.1,65.4,70.2,70.2,68.7,69.8,67.7,67.4,70.8,70.2,65.2,69.1,66.1,70.9,68.6,66.1,66.1,68.4,68.7,66.8,68.2,66.2,67.8,69.5,67.1,65.8,69.8,68.6,67.7,68.3,68.5,66.9,66.8,68,70.1,69,67.4,69,66.2,67.4,68.6,71.9,67.2,68.4,70.2,68.3,66.3,71.9,67.9,66.3,71.1,69.7,65.8,69.2,64.5,65.8,67.8,66.4,67,67.9,68.6,69.4,66.6,67.6,67.2,67.4,66.3,66.6,66.5,69.1,66.1,67.1,68,68.4,68.7,68.6,67.5,69.3,71.4,70.4,69.2,68.7,70.5,71.5,70.4,71.9,71.4,70.9,68.2,68.6,68.4,70.9,65.6,65,69.8,70.4,70.2,71.6,70.1,67.9,67.9,67.8,71.7,71.6,73.7,71.6,68.3,70.4,73,71.6,69.4,70.6,73.1,NA
001,Minimum,Aug,69.9,68.7,67.8,72,68.7,71.6,70.5,65.2,68,67.4,67.1,72.9,66.8,67.1,64.5,67.4,69.7,66.7,68,68.8,67.8,67.4,67,69.2,66.2,69,65.3,66.1,67.3,66.7,64.1,69.4,63.3,69.1,64.7,64.4,67.9,66.4,68.1,66.2,66.2,68,69.5,68.4,69.4,66.7,66.4,67.8,67.4,66.3,65.1,64.7,69.4,67.2,69.1,65.6,67,67.9,66.7,66.1,71.1,66.2,64.1,67.4,69.5,69.8,68.1,64.3,65,64.2,66.3,66.9,66.2,68.3,65.8,66.9,65.6,64.6,67.9,67.1,68.4,64.3,68.5,70.2,68.5,68.5,65.1,64.9,67.5,68.3,67.9,66.5,68.1,70.4,68.9,68.3,69.4,65.4,67.3,64.5,68.1,65.2,64.7,68.2,68.4,66.8,68.9,69.7,69.9,67.3,70.6,69.9,68.7,65.9,70.7,69.6,68.7,70.4,66.9,66.1,67.1,71.7,68,71.4,69.2,71.5,NA
001,Minimum,Sep,65.6,62,60.2,65.4,59.8,66.9,63,61.6,62.2,62.1,62.5,65.1,64.9,59.2,59.8,64.2,65.5,65.2,61.9,57.4,62.9,59.7,58.5,57.2,61.8,62.4,66.3,62.1,63.2,59,65,61.9,59.8,59.1,60.4,65.3,65,60,65.2,64.2,58.2,62.4,57.2,60.4,62.7,57.8,62.2,63.2,58.6,63,66.5,61.2,62.7,59.5,59.4,60,61.2,59.8,60.1,62.4,62.2,60,64.7,58.5,62,61,65.6,57.5,56.7,60.1,61.9,58.8,55.7,58.6,60.2,62.8,63.9,60.9,63,60,62.2,59,63.7,59.9,63,63.8,59.6,59.5,61.4,59.4,61.2,61.1,63.6,59.4,63.3,59.4,60,62.9,62.9,59.2,61.4,62.2,61.3,64.8,62.7,60.4,58.8,64,64,62.8,63.6,59.7,62.4,64,61.7,64,65.1,61.4,59.4,63.6,65.3,67.1,63.1,70.2,64.6,63.6,NA
001,Minimum,Oct,45.3,48.9,53.9,54.1,52.6,57,49.3,54,50.1,47,51.2,53.5,44.2,51.6,44.7,53.7,51.8,52.4,53.4,53.3,52.5,51.1,45.9,53.6,59.7,52.8,49.9,53.2,48.7,47.6,47.6,50.5,51.6,50.6,48.1,46.6,51.3,51.1,47.7,48.3,47.5,52.5,47.4,48.3,51.5,45.9,55,52.4,48.5,49.2,48.1,52.7,55.4,48.6,55.6,52.9,53.6,46.2,50.4,53.1,51.7,53.2,47.1,50.9,54,49.7,49,50.2,48.4,45.9,47.3,45.9,46.1,52.7,50.4,53.6,59.2,47.9,50.7,44.9,53,46.4,48.3,47,48.6,48.9,47.8,49.5,53,57.1,54.9,52.8,44.2,44.6,51.2,53.6,50,47.3,49.2,48.5,52.7,50.6,50,51.2,49,49.5,48.8,54.8,48.9,50.3,54,49.6,58.3,48.7,51.8,52.8,50.7,53.4,54.2,53.7,50.9,54.9,55.4,54.2,56.3,54.8,NA
001,Minimum,Nov,40.6,45.1,41.2,39.6,37.2,44.3,34.9,45.5,34,36.5,37.7,39,39.2,37.5,42,35.7,37.3,39.6,40,36.4,37.8,38.2,34.2,38.8,39.5,39.7,42.2,39.6,39.1,39.2,37.9,36.8,43.2,40.7,41.9,39.6,44.4,38,35.9,40.2,44.3,37,37.3,40.6,36.1,40.1,39.6,40.2,37.3,39.5,41.5,44.5,38.6,45.4,39.8,39.9,36.5,40.2,38.9,38.6,37.6,39.7,42.1,41.3,39.3,39.8,42.1,37.7,41,40.3,38.8,39,35.1,42.7,38.9,41.5,39.6,38.8,40.5,39.1,44.2,33.1,44.3,43.6,43.8,37.4,40.4,42.1,41.1,38,49.1,41.6,41.9,40.8,40.2,41.4,40.5,42.4,40.8,44.5,37,36,41,39.1,44.4,37.3,42.8,40.6,44.8,41.6,42.1,44.6,40.4,39.8,45.9,40.6,43.3,38.5,38.7,37.5,45,40.8,40.4,40.1,37.4,44.8,NA
001,Minimum,Dec,32.8,30.2,33.9,31.4,31.6,30.5,29.7,30.3,26,26.5,32.3,32,32.9,31.4,25.5,26.3,34.8,34.2,32.5,30,28.2,29.4,24.3,35.4,26.6,34.6,30.9,32.5,37.6,31,32.5,28.4,32.6,30.4,32.3,29.4,37.2,32.6,31.7,29.5,26.1,33.2,29.7,32.3,32.6,34.9,34,28.4,28.4,27.9,27.9,33.5,29.3,34.6,33.4,28.6,33.1,32.6,34.6,30.8,26.6,38.7,34.6,23,33.5,23,30,28.1,25.3,33.5,31.5,30.4,32.5,29.2,30.2,32.1,38.7,37.8,33.8,33.9,32.8,27.5,30.7,32.9,33.7,29.2,30.2,38.2,30.6,38.2,29.8,33.9,34.2,30,22.5,37.1,34.5,33.6,30.7,37,29.1,36.3,32.7,36.5,34.2,26.3,37.9,30.8,32.6,33,30.3,35.9,35.2,35.6,33.2,26.3,36.8,38.3,34.4,35.8,45,33.6,30.5,35.4,34.9,34.3,NA
131,Minimum,Jan,28,28.4,27,33.2,28.8,30.6,31.1,27.1,29.7,24.5,25.4,35.5,33.3,29.6,34.3,28.8,32.3,22.7,38,32,30.5,33.4,29.9,19.6,29,25.9,31.9,28.2,32,28.8,29.3,28.9,28.8,29.4,30.5,32.1,30.1,40.9,36.5,33.4,28.6,26.2,41.1,29.4,31.9,19,29.7,27.1,31.7,29.9,27.6,31.6,37,24.5,37.7,40.9,32.6,34.1,35.3,30.1,28.2,28.3,27.8,27.7,27,31,23.8,28.6,25.5,30.1,28.5,27,33.5,24.2,27.9,22.3,27,34.1,30,37.9,34,27.4,19,26.2,29.5,30.4,22.8,24.4,31.7,25.7,25.5,28.6,29.8,26.3,33.6,35.3,33.4,32.1,35.2,25.4,34.7,29,31.3,36.9,33.3,29.5,29.1,33.8,26.4,27.2,30.6,36.8,35.7,31.7,27.6,28.8,26.8,33.7,32.5,24.5,28.9,29.9,35.1,25.1,30.1,35.3,31.9
131,Minimum,Feb,20,30.6,32.2,29.3,23.7,28,25.2,25.5,32,23.7,22.6,29.4,25.4,27.7,36.6,30.7,32.2,26.4,29.9,26,32.7,28.4,26.5,29.4,30.7,27.8,33.3,32.6,27.4,28.1,35.5,31.4,36.2,31.1,29.2,33.7,30.3,35.7,32.3,20.2,28.3,24.8,30.2,33.6,34.9,28.7,26.7,27.4,30.3,31.5,30.9,32.1,24,29.8,37.4,33.1,31.1,33.2,34.5,34.2,28.8,34.6,34.4,26,30.3,31.2,31.5,29.3,22.6,29.8,28.3,28.9,28.2,23.1,31.1,28.5,30.2,30.1,28.2,31,33.8,36.5,28.6,21.9,22.6,25.1,31.7,32,31.3,35.5,30.8,32.1,27.9,30.9,31.7,37.2,33.7,34.2,28,29.7,29.5,30.3,35.9,37.2,33.2,32.8,33.1,33.7,30.4,30.6,31.4,31.2,26.4,34.4,31.2,27.6,32.6,35,32.6,29.8,21.1,33.5,37.4,37.4,34.3,36.4,32.5
131,Minimum,Mar,34.8,33.3,39.5,41.2,36.5,32.2,39.1,38.6,42.8,36.4,38,34.9,39.5,41.1,36.4,41.1,34,36.7,42.8,31.4,30.5,31.8,35.8,38.1,39,36,46,39.1,36.1,34.4,38.4,31.6,38.5,36.8,42,35.3,34.3,33.1,35.7,33.9,41.5,42.3,33.8,40.5,38.5,33.8,30.8,37.7,35.4,35.4,44.6,44.1,31.6,40.1,37.5,34.2,37.3,36.7,39.9,37.2,39.5,36.1,38.1,34.7,36.5,27.7,39.8,34.4,40,38.3,34.1,36.7,35.1,37.2,32.8,34.4,35.6,36.8,42.4,40.3,37.1,41.6,42.3,34.8,37.4,35.8,34.2,37,40.8,34.5,39.6,37.4,36,37,38.9,41.5,41.5,36.8,35.8,38,39,34.7,39.9,40.8,35.8,40.9,36.2,40.4,39.6,40,34.8,37.4,39.1,40.8,37.5,40.1,38.6,46.8,35,34,34.7,43.2,37.9,35.2,37,44.6,40.5
131,Minimum,Apr,44.9,48.1,44.7,43.6,44,45.8,42.3,44.4,46.8,43.8,45.7,45.5,40.8,48.7,46.6,48,42.8,48.8,47.2,43.7,46,43.5,44.4,44.6,43.7,44.9,49.1,47.3,43.3,42.6,46.9,41.8,42.4,43.2,49,43.6,42.4,42.2,45.3,44.8,44.2,43.2,45.7,48.1,45.1,42,46.7,45,41.6,44.1,49.9,45.8,46.6,46.1,46.9,42.9,44.6,48.2,46.5,48.4,48.8,43.8,48.9,47,47.7,48.7,43.7,45.7,46.9,45.2,43,43.3,44.6,43.5,46.7,44.4,42.2,44.2,46.4,47.5,42.4,48.2,48.3,44.5,46.2,46.9,48.8,42.9,44.3,45,49,45.3,45.2,45.3,44.3,46.6,49,46.3,45.1,50.3,46.4,46.8,43.1,47.6,46.4,47.8,46.5,50.9,46.8,48.1,46,48.7,44.9,49.4,48,49,51.9,47.2,48.1,46.1,47.3,45.1,54,44.6,51.3,46.1,47.3
131,Minimum,May,52.8,61.1,54.2,56.2,55.7,55.4,54.7,55.9,56,56,57.6,55.4,52.2,58.4,56.7,53.5,57.5,57.2,55.7,55.4,55.6,58.2,50.3,59.9,55.8,49.3,54,57,53.2,53.9,50.9,52.8,55,53.7,54.9,56.4,54.6,53.6,58.9,56.1,52.9,54.9,54.6,56.3,56,54.8,56,59.4,58.5,60.2,54.1,56.8,56.3,55.7,54.8,54.3,53.6,55.4,59.9,52.4,55.8,51.9,57.3,55.8,59,54.7,52.8,57.4,51.9,54.9,57.9,52.9,49.2,53.5,54.7,55.8,53.4,55,55.6,56.4,56.4,54.8,55.7,54.1,57.5,57,54.4,56.8,54.6,55.8,57.5,56.2,56.4,54.5,54.5,55.6,61.3,52.4,56.9,52.8,56.4,55.6,52.1,57.6,55.9,58.9,55.8,55.6,54.4,63.4,52.3,54.7,55.5,54.1,58.7,59.6,58.9,60.6,57.6,58.4,59.7,55.7,57.5,62.1,62.2,54.9,53.6
131,Minimum,Jun,66.4,65.9,63.7,64.9,67,66.6,65.4,64.8,61.9,65.6,65,66.8,59.7,64.2,67,63.6,65.4,63.6,64,64.4,62.4,62.5,64,62,63.1,62.8,63.4,67,66.4,64,67.9,61.5,59.2,64.3,63.3,64.7,62.6,64.5,63.9,68.1,65,63.2,66.2,63.4,67.1,66.3,63.9,67.3,70.2,66.1,65.1,62.9,63.3,64.4,66.6,63.8,64.5,67.3,64.1,64.6,60.9,65,67.4,60.9,64.9,64.1,62,63.8,62.8,62.6,62.5,61.4,59.9,64.6,65.7,64.2,65.3,60.9,67.4,62.4,64.4,64.8,61.9,63.3,60,62.8,68.2,64.2,63.1,66,64.1,65.9,66.4,62.6,68.4,64.4,65.5,61.1,65.6,68.3,65.6,65.8,61.7,65.9,64.7,67,66.6,66.2,65.6,66.1,66.2,65.5,66,67.6,66.5,70.9,67.9,64.2,67.6,65.5,69,65.9,66.5,68,67.1,66.5,66.9
131,Minimum,Jul,67.4,70.8,71.1,71.9,70,71.9,73.8,69.9,69.8,69.5,71.4,70.4,70.7,72.6,67.1,70.9,70.2,69.3,69.9,68.4,68.5,70.8,69.6,65.5,69.5,66.9,71.2,69.5,67.6,67.4,69,69.6,67.1,68.8,67.6,69.1,70.2,68.3,67,71.1,69.9,69.3,69.7,69.1,68.1,67.2,69.4,71,70,68.6,69.8,67.4,67.6,69.5,73.3,68.8,69.4,70.7,70,67.9,72.5,68.6,67.3,72,70.7,66.9,70.2,66.8,67.1,68.8,68,68.4,68.5,69.7,70.6,68,69.1,68.7,68.8,67.3,67.8,67.6,70,67.4,67.7,69.7,69.8,69.5,69.3,68.1,69.6,71.8,71,69.8,69.3,71.4,72.4,71.4,72.9,72.7,72,68.9,69.4,69.2,71.6,66.8,66.3,70.5,71,70.5,72.3,70.8,68.7,69,68.5,72.4,72.2,74.1,72.1,69,70.9,72.9,72.6,69.1,70.6,73.1,NA
131,Minimum,Aug,69.6,69.4,68.2,72,70.2,72.3,71,66.1,68.2,68.7,67.5,72.8,68.4,68.4,65.9,67.5,69.6,66.5,67.4,68.9,68.2,67.1,66.5,68.6,66,69.2,66.6,66.2,68.1,67.2,65.8,69.7,64.4,69.3,66,65.4,68.1,67.8,68.7,68.2,67.8,69.1,70,69.3,70.6,67.9,67.7,68.6,68.1,66.9,66.4,65.7,70.1,67.4,69.8,66.9,69,68.7,68.1,68.1,72.4,67.1,65.3,68.7,70.6,70.8,69.2,66.5,67,65.5,67.4,68,67.6,69.6,67.1,68.5,67.2,66,69.4,67.9,69.3,65.1,69.4,70.9,69.2,70.1,66.2,66,68.5,68.9,68.4,67.4,69.3,71.2,69.4,69,70.1,66.4,68.2,66.6,70,66.2,65.2,68.9,69.5,68,69.6,69.9,71.2,68,71.6,71.1,69.7,67.5,71.7,70.6,69.7,70.7,67.6,67,67.8,72,68.9,71.4,69.6,71.7,NA
131,Minimum,Sep,66.5,62.7,62.2,65.7,61.3,67.2,63.9,61.9,62.3,62.8,63.2,67.2,64.9,60.9,61.5,64.7,66,65.9,62.3,59.3,63.8,60,59.4,57,61.6,63.2,67.2,63.3,64.1,59.9,65.7,63.7,61.4,60.4,61.6,67,65.9,61.6,66.7,66.4,60.8,64.4,59.1,62.1,64.9,59,64.1,64.6,59.6,64.7,67.3,62.7,65.1,62,61.9,62.5,62.9,61.6,61.8,63,63.8,61.3,65.9,59.5,63.8,63.5,66.5,59.7,57.9,61.7,63.6,60.2,56.9,60,61.4,64.4,65.3,62.5,64.3,60.8,63.1,59.2,64.9,61.5,64,65.5,60.6,60.9,62.4,61.2,62.5,62.6,64.4,60.6,64.7,60.8,61.6,64.2,64.4,60.8,62.9,63.5,62.6,66.1,63.8,62.1,60.5,65.1,65,64.2,65.3,61.5,64.3,65.6,63.1,65.1,65.8,62.5,60.5,65,66.5,67.6,64.1,70.4,65.5,64.3,NA
131,Minimum,Oct,46.8,50.1,55.4,55.4,54.1,58.1,50.9,55.4,50.8,48.9,52.6,53.8,46.6,53.7,47,54.8,53.7,53.6,53.6,54.5,53.6,52.6,46.1,54.4,60.5,53.1,51.4,54.2,49.7,48.9,49.5,52.5,53.5,52.1,50.2,48.5,52.5,52.3,50.8,50,49.5,54.8,49.2,50.2,53.2,48.1,57,54.1,49.7,51.3,50.9,54.3,57.1,49.5,56.8,55.1,55.4,47.3,52.2,53.2,51.6,55.4,49.2,52,55.9,51.4,50.7,52.6,50.5,47.3,49.2,48.6,48.4,54.1,52.8,55.4,60.2,49.6,52.5,45.6,53.5,46.5,49.9,48.6,49.4,50.8,49,50.8,54.1,59,56.5,54.4,45,45.8,52.3,54.9,51.4,49.1,50.9,50.6,54.2,51.9,51.7,52.3,50.4,50.9,50.2,56.3,51.1,52,55.6,51.6,60.1,50.1,53.3,54.1,51.8,54,55.1,54.6,52.8,55.9,55.6,54.8,57.3,55.5,NA
131,Minimum,Nov,41.3,45.4,41.9,40.3,38.7,45.1,35.9,46.5,35.5,37.9,39.3,39.7,40.7,40.2,44.3,35.6,37.4,40,40.1,38.1,39.3,38.5,35.5,39.8,40.4,41,44.4,40.5,40.2,40.3,39.6,38.4,45,41.8,43.3,40.7,45.8,39.9,37.7,41.1,46.2,38.5,38.7,42.1,37.2,41.1,40.8,42.4,38.7,40.4,43.1,46.4,40.8,46.9,40.4,40.5,38.2,40.8,39.9,39.4,38.7,41,43.4,43.4,40.4,41.1,44,39.4,42.6,41.9,40.5,39.9,36.3,43.1,40.5,42.6,41.5,40.9,42.5,39.9,44.8,34.4,45.7,45.7,44.7,38.7,40.8,43.5,41.4,39.1,50.2,43.9,42.9,42,41.5,42.5,41.7,43.6,41.9,45.7,38.6,37.1,41.5,40.9,45.3,38.9,44.4,41.6,46,42.9,43.7,45.1,41.6,40.4,46.9,41.6,44.2,39,40,38.9,46.7,40.7,41.3,40.8,38.5,45.4,NA
131,Minimum,Dec,33.6,31,35,32,32.5,32.5,30.8,31.6,27.3,28.2,33.1,31.8,34.6,33.4,27.7,26.4,34.3,33.9,32.8,31.6,28.4,30.1,24,35.6,27.6,35.3,32.5,33.8,38.1,32.5,32.3,30.2,33.9,32.7,33.2,30,39.3,34.7,34.6,30.5,26.6,34.2,30.5,33.8,32.5,36.5,35.3,29.7,29.9,28.8,29.4,35.6,31,36.5,34.4,28.8,34.8,33.4,35.8,30.9,27.5,40.5,35.5,24.8,34.8,24.4,31.6,29.1,26.9,35.2,32.6,31.6,33.4,30.6,32,34.3,40.2,38.9,35.2,34.8,33.3,28.4,32.4,34.7,34.4,30.8,30.9,39.6,31.4,39.2,31,35,35.2,31.3,24.4,39.3,35.8,34.8,31.8,38.7,30.3,37.4,33.8,38.5,35.1,27.9,39.4,32,33.7,34,31.6,36.7,36.8,37,34.2,26.7,38,38.9,35.1,36.5,46.2,34.5,31.6,35.9,36.2,34.8,NA
001,Maximum,Jan,43.1,42.8,42.1,48.1,46.3,46,43.8,41.3,44.2,42.7,41.1,48.9,49.4,44.3,48.4,44.7,48.3,36.2,54.9,46.6,45.2,51.2,46.6,32.9,47,40.9,49.1,41.9,48,48.4,45.8,44.6,44.3,47.6,46.1,46.3,46.4,56.5,53.6,49.4,44.2,40.2,53.5,44.9,47.9,35.4,43.5,44.9,48.1,46.1,40.3,45.8,51.3,38.5,53.6,57.4,49.8,50.6,51.3,46,42.8,41.1,43.2,41.5,44.9,46.8,41.1,45,42.1,48.4,44.9,39.7,49.4,41,41.8,38.4,41.1,49.1,45.6,51.8,49.1,44,33.6,41.1,44.5,43.6,38.1,40.2,44.5,40.6,39.7,44.9,43.3,40.7,49.6,52.6,48.2,47.5,47.8,41.1,47,43.4,46.1,51,51.1,44.5,44.5,50.9,39.7,41.5,45.3,52,51.1,47.5,42,42.6,40.5,51.7,47.6,44.2,43.9,46.5,48.8,44.2,48.2,51.8,46
001,Maximum,Feb,34.1,45.9,45.4,46.8,37.5,45.2,38.6,37.7,48.6,38.6,36.1,44.8,39.8,41.6,53.7,46,46.3,40.5,45,41.8,48.4,45.6,43.8,47,44.8,41.2,49.2,47.5,42,44,54.9,47.6,51.6,47.5,44.8,52,49,52.8,48.5,35,45.5,38.7,45.4,50.6,53,45.1,41.8,42.8,50.1,46.6,47.8,49.1,41.2,47,53.1,47.9,49.4,47.6,51.9,53,48,50,49.1,40.9,48.2,47,48.6,45.2,41.8,44.8,47.6,43.2,44.2,41.8,41.5,46.7,48.6,46.3,44.5,47.4,49,56.2,47.9,36.6,35.5,40.2,49.7,45.8,45,51,46,44.5,43.3,47.6,46.8,55,52.5,49.8,43.5,46.8,44.5,44.8,51.5,50.6,49.2,52.3,49.8,53.9,43.6,46.7,47.1,48.3,41.8,52.2,50,41.2,52.5,52.7,46.3,46.8,38.2,49.2,56.7,56.3,52.1,53.7,45.8
001,Maximum,Mar,49.5,48.9,55.7,57.9,51.4,48.4,54.2,55.3,58.6,50.8,54.3,47.3,57.8,56.3,50.8,58.5,50.5,49.4,58.1,46.1,44.9,47.2,50.7,57.1,55.6,55,64.8,54.9,55.6,51.5,58,49.6,55.7,52.8,59.9,53,47.4,50.4,51,49.2,58.6,57.8,50.1,58.5,54.9,49.8,47.6,54.3,54.7,51.4,64.1,60.7,46.6,56.9,55.8,51.8,51.7,53,55.6,55.4,57.4,53,52.3,47.4,55.4,42.1,56.4,51.3,59.2,56.2,49.8,55.4,52.7,57.4,48.8,49.3,52.5,52.3,56.7,57.5,52.9,58.8,57.2,50.4,55.8,50.3,51.9,53.6,55.1,49.7,57.2,56.6,53.7,55.2,54,58,56.3,53.2,50.5,55.4,56.5,49.8,57.2,55,53.1,59.7,52,58.4,57.1,56,50.2,56.2,57.7,58.3,54.1,57.3,55.2,64.6,49.8,53.1,52.2,61.2,55.6,50.2,53.7,60.4,59.4
001,Maximum,Apr,61.3,63.7,63.1,58.3,63.1,60.9,55.9,60.1,61.4,59.4,62.5,64.1,55.4,64.9,62.2,65,57.5,65.1,62.4,59.7,67.2,61,62.4,61.1,62.6,62,67.2,64,61.9,60.4,65.8,60.9,59.5,62.2,65.4,61.2,61.4,63.1,62.2,61.9,58.3,60.1,61.7,65.4,63.3,58.4,66.5,66,60.4,63.1,68,62.8,64.5,63.6,63.2,61.2,63.9,66.5,64.4,67.2,65.9,61,67.7,62.4,65.6,69.4,60,63.2,64.9,61.4,60.2,59.9,65.4,64.4,65.1,62.8,62.6,62.1,62.6,66.4,58.6,67.8,68.1,63.2,62.3,64.4,66.9,60.9,60.6,60.4,69.3,63.3,60.7,61.5,61.8,64.3,66.6,63.4,61.3,69.5,65.7,62.9,61.5,66.7,66.4,62.8,66.2,69.2,62.8,64.7,64.4,67.7,63.3,65.8,66.9,69.6,68.4,67.1,64.9,63.6,65.8,64.4,70.9,62.6,68.9,64,66.6
001,Maximum,May,68.6,75.8,70.6,70.1,71.9,73.6,69.1,71.9,72.5,73.4,73.8,73.1,67.6,72.6,71,69.9,76.5,73,72.9,74.5,71.2,73.8,67.8,76.6,71.6,67.3,69.2,73.1,71,69.2,70.5,71.9,72.4,69.8,72.5,76.7,72.4,71.3,75.7,72.6,69.8,76.4,74.1,71.4,75.3,72.3,76.6,76.9,75.8,78.7,70.3,72.7,74.3,72.2,74,70.9,73,72.6,76.9,71.2,74.2,71.6,74.6,71.7,75.4,71.6,69,76.1,72.5,74.9,77.2,71,68.5,71.6,72.6,74.7,70.5,68.9,71,72,73,71.3,74.8,68.3,71.9,74.4,70.3,74.5,71.2,72.5,74.7,75.8,74.6,71.9,71.1,71.7,79.2,69,73.8,70,72.9,70.6,70.7,73.6,73.4,75.7,73.3,75,69,80,68.9,74,74,73.2,74.2,77.8,75.9,76.6,72.6,76.5,76.1,70.3,72.2,78.7,79,70.1,74.8
001,Maximum,Jun,81.8,78.8,76.7,79.1,83.2,80.5,79.8,80.3,74,79.4,79.5,79.7,72.6,79,79.9,75.8,81,78.4,79.7,81.2,77.1,76.4,79.3,77.7,78.1,80.3,81.7,80.3,83,78.2,85,77.9,76.7,78.8,80.6,82.2,80.3,81.4,83.3,84.2,81,80.4,82.5,79.6,83.4,82.8,80.3,83.7,86.5,83.1,82.4,79.5,79.5,81,81.9,82.3,80.6,85.1,81.8,83,78.2,80.8,82.8,77.8,82.7,80.9,79.1,79.8,81.2,82.1,79.2,80.1,79.3,81.3,81.6,80.3,80.4,76.6,81.2,77.6,81.2,81.1,79.4,80.4,77.1,80.4,83.7,78.1,79.6,82.5,80,83.4,82.9,81.5,83.4,81.5,83,77.4,81.4,82.9,79.6,81.2,78.6,81.6,79.8,82.4,82.6,83.7,80.2,81.1,80.9,80.9,81.9,85.9,80.8,87.7,85.4,82.9,81.8,82.2,83.1,81.4,82.8,82.7,84.1,80.8,81.8
001,Maximum,Jul,82.8,85.9,82.6,83.7,85.3,87.5,87.2,85.6,85.6,83,84.1,81.4,84.4,84.9,82.5,84,86.3,82.9,85.6,81.7,84.7,83.1,82.6,81.8,83.5,82.3,85.5,82.6,82.1,81.7,85.8,84.8,83.6,85.5,84.5,86.9,86.8,85.4,83.8,87.9,84.5,84.8,84.9,84.7,83.3,85.4,84.1,87.8,86.6,85.7,83.6,83.6,83.2,85.3,87.3,83.6,85.8,88,87.8,86.1,87.9,84.2,86.3,86.8,84.2,83.1,85.6,81.9,86.2,83.6,82.9,87.3,82.6,85,84.6,82.7,84.3,83.7,84.6,84.8,83.3,84.8,88,82.7,83,86.5,85.7,84.9,87.9,82.6,84.9,88.2,88.5,86.7,84.9,86.9,87.6,85.7,89.5,87.5,88,83.1,86.5,86.2,88.5,82.3,83.3,88.7,85.5,85.7,87.4,86.9,86,86.4,84.5,91,89.5,91.1,86.3,85.5,85.7,88.2,88,84.8,89.5,89.6,NA
001,Maximum,Aug,87.4,86.3,82.4,84.6,82.2,87.6,83.3,82,80.6,81.2,81.6,83.5,80.9,80.1,79.8,80.7,84.8,81.4,81.5,84,83.3,83.3,83,85.4,81.6,81,81.8,80.2,82,83.2,81.2,84.4,78.5,85.7,82.2,84.9,83.9,85.9,84.1,82,82.8,85.7,84.8,86.9,84.9,81.1,84.3,82.5,86.6,84.6,82.8,80.8,86,83.6,84.5,82.4,83.5,83.9,84.3,84.6,85.5,83.3,82.8,83.1,86.4,84.4,83.9,83.2,84,81.9,83.5,84.3,81.4,86.9,83.4,85.3,83.7,83.3,84.9,82.5,87.4,82.7,86.7,86.6,84.4,86.6,81.8,82,85.7,84.5,83.9,82.5,86.7,86,82.6,84,85.4,81.5,85.4,82.2,86.3,82.4,84.1,85.7,85.7,83.1,85.1,87.2,85.1,83,87.3,87.8,87,84.6,87,87.1,86.5,85.1,82,83.1,84.9,88.6,83.4,87.3,86.6,85.5,NA
001,Maximum,Sep,83,76.1,80.2,78.8,77.3,81.6,77.5,75.7,76.6,77.9,77.7,80,78.6,74.6,74.5,78.5,78.7,78.3,76.4,75.6,80.6,76.2,71.8,74.8,78.7,78.4,84.4,77.9,77.8,73.7,80.9,77.8,79.5,74.2,78.7,85.3,83.3,79.6,83.2,78.4,77.3,79.9,76.5,76.7,81,76.6,82.4,80.9,78.3,79.5,81.2,78.8,79.6,78.8,77.4,76.4,79.4,79.3,80,80.9,78,76.3,79.3,78,79.6,77.8,82,75.6,74.2,77.6,79.6,76.9,75.2,79,77.7,82,78.7,78.1,80.9,77.4,76.8,78.2,80.8,79.6,77.9,81.7,77.2,77.1,80.3,76.8,80.3,78.4,80.2,76.9,79,77.3,78.9,77.7,79.6,77.7,78.5,78.3,79.3,82.6,77.5,77.2,77.2,80.9,79.1,78.8,82.9,76.4,81,80.7,77.1,82.2,79.2,79.8,77.8,79.2,81.5,81.6,79.5,82,82.3,77.7,NA
001,Maximum,Oct,64,64.4,68.6,69.7,69.2,70.9,67.5,69.6,68.1,65.9,68.7,65.4,64.1,68.6,64.5,70.7,66.1,69.3,67.1,69,69,68.5,63.7,71.5,74.1,72.5,69.3,70.5,66.8,68.5,63.7,68.9,71.8,70.5,67,67,73.1,69.2,69.4,67.5,68.7,70.4,65.1,68.2,69.5,65,75.4,69.2,66.4,67.6,68.5,71.3,73.4,65.2,71.4,70,70.2,66.3,71.3,72.1,70.6,68,64.5,66.6,70.8,68,69.6,69,70.5,64.6,66.1,68.5,68.5,69.9,68.1,70.3,72.2,65.3,71.2,67,70.9,64.3,65.8,68.5,68.3,66.8,66.6,67.6,68.6,72.4,71.8,71.2,66,63.9,70.2,72.8,69.7,65.8,68.2,67.3,72.4,69,69.1,69.6,68.6,70.6,70.3,70.1,68.8,67.6,69.4,68,76.2,68.5,69.3,71,69.4,70.4,70,71.6,68.6,72.3,73.1,71.5,72.8,71.4,NA
001,Maximum,Nov,57.8,63.1,59.9,55.6,58.4,59.5,50.4,61.2,55.5,52.9,56.3,55.9,54.2,57.3,59.5,49.2,54,56.9,58.2,56,58.9,57.7,53.3,56,57.9,57.7,60.2,57.5,54.6,56.9,55.6,57.1,61.6,58.9,57.1,57.1,63.8,57.5,54.1,59.4,58.9,55.1,56.3,61.7,54.5,56.8,61.8,59.7,58,55.6,59.2,61.4,55.8,63.2,59.1,58.1,55.6,58.6,58.9,55.6,56.9,57.9,58.2,60.6,58.4,59.9,58.6,54.2,59.9,61.7,58.3,59.1,53.6,58.8,54.9,58.4,58.4,55.8,60.2,58.1,62.9,52.2,58,60.3,61.8,55.8,56.4,60.6,59.4,56.8,65.2,58.1,60.7,59.7,58,61.5,58.8,58.1,59.2,62.7,54.9,52.5,55.4,59.8,62.9,55.2,64,57.2,63.6,59.8,62.5,61.1,58.5,55.4,60.2,58.8,62.4,54.7,56.6,55.7,63.4,60.1,59.7,57.8,55.6,64.2,NA
001,Maximum,Dec,49.6,46.2,49.5,50,49.1,47.5,46.5,46.4,45.2,41.2,48.2,47.4,49.9,48.8,41.8,40,51.8,51.6,49.5,41.2,45,46.2,38.2,50.4,44,49.9,48.3,49.7,56,49.2,45.9,44.3,49.4,48.4,49.2,45.4,56.1,51,50,46.7,40,49.3,45.3,48.2,48.1,52.2,51.7,44.9,46.5,44.4,40,53.7,45.6,51.2,52.4,44.3,52.6,48,51.9,47,42.8,56.5,51.7,41.2,51.1,43.9,46.8,42.7,41.6,51.5,50.7,46.4,50.2,45.6,45.2,49.1,57.4,53.8,50.9,50.9,50,46.2,47.6,51.6,50.9,47.7,45.4,53,47.6,57,46.7,49.7,50.7,48.2,38.2,54.8,52.7,48.4,45.5,53.1,43.6,51.6,49.2,53.6,51.9,42.4,55.5,47.4,48.8,50.7,46.4,55.4,51.4,53.5,47.9,39.7,55.8,54.7,52.2,50.7,61.6,50.7,48.4,51.5,53.8,50.8,NA
131,Maximum,Jan,45.5,44.1,43.8,49.3,47.7,47.2,46.3,43.6,46.6,43.3,43,49.9,52.2,46.3,50.6,46.1,50.7,38.2,57,48.4,46,53.1,48.9,34.8,49.5,44.6,50,43.2,49.7,49.8,48.2,48.1,45.4,49.5,48.9,48.7,48.5,58.2,55.2,51.6,45.1,41,56,45.8,49.5,35.2,44.6,45.4,48.9,46.4,41.6,47.4,53.1,40.2,54.7,59.2,52.3,51.4,52.1,48,43.1,41.7,44.6,42,45.8,47.2,41.2,46.4,42,48.9,47.2,41.3,50.2,41.5,43.3,39.2,42.3,50.2,46,53.9,50.5,45.5,34.1,41.6,45.7,44.1,39.1,41.2,44.4,41.4,41.1,46.2,43.9,41.8,50.9,54.2,49.2,48.6,48.8,42.7,47.7,44.6,47.3,51.7,53,46,45.2,51.7,40.9,43.2,47.7,53.4,52.9,48.4,43.3,43.7,40.9,51.9,49,45.3,45.7,47.4,49.9,45.1,49,52.9,46.3
131,Maximum,Feb,36.7,48.1,47.6,48,40.6,47.9,41.3,40.3,51.1,40.7,38.1,46.8,42.7,44.9,56.4,48.3,49.5,42.3,48.6,44.5,50.3,48.5,46.5,50.2,45.8,42.8,51,49.5,44.3,45.5,57.4,49.5,53.5,49.6,45.6,55.4,51.2,54.8,50.4,37.4,48,41.7,47.4,52.2,55.4,46.4,42.2,44.1,52.5,47.6,49,50.4,42.5,48.2,54.1,49.8,50.6,48.7,52.4,54,48.2,51.7,49.5,41.7,48.7,47.8,49.3,46.6,41.8,45.5,48.4,43.4,45.6,42.6,42,48.6,49.9,47,45.4,48.3,50.2,58.4,49.3,36.7,37.3,41.2,50.5,46.6,45.2,52.5,46.8,46.2,44,49.1,48.4,56.7,53.9,50.8,44.8,48.6,45.4,46.1,52.2,51.2,50.7,54,50.9,54.3,44.7,47.2,48.1,49.3,43,54.1,51.4,41.9,54.4,53.3,47.4,47.7,39.8,50.4,59.4,58.6,53.6,54.8,46.2
131,Maximum,Mar,51.5,51.7,57.6,58.2,54.2,50,57.4,57.9,60.5,54,57,50,61.1,59.1,53.4,60.6,54,52.4,60.7,48.8,46.3,50.3,52.9,58.5,56.6,57.2,65.9,57.3,58.8,54,59.8,51.4,57.2,54.9,61.5,54.2,50.4,52.8,53.6,51.1,61,59.6,51.8,61.3,57.4,51.6,49.5,56.3,56.4,53.5,66.7,61.5,46.4,58.8,56.8,53.8,53.4,54.1,56.8,56.8,60,54.7,53.3,47.6,56.4,43.1,58,51.1,60.6,57.7,50.7,56,54.8,58.4,49.7,50.6,53.1,53.7,57.7,59.5,54.1,60.5,59.3,51.1,57,52,52.5,55.3,56.4,50.9,58.6,57.5,54,56.6,55.4,59.1,57.4,54.4,52,58.1,57.2,51,58.1,56,54,60.7,52.7,59.6,59,56.8,51.1,57.5,60,59.5,54.6,58.2,55.6,66.2,50.4,54,54.2,62.5,56.9,51.2,55.3,61.7,60.8
131,Maximum,Apr,63.7,65.5,64.3,60.5,63.3,62.4,58.1,62.4,63.5,62.4,64.8,66.6,57.4,67.2,64.8,67,59.4,68.4,64.8,62.2,66.7,62.8,63.8,61.9,63.6,63.7,68.5,66.2,64.7,62.6,66.6,63.1,60.7,64,68.4,63.3,63.8,64.4,63.6,63.8,60,61.6,63.6,67.4,65.5,60.5,67.1,67.9,62.7,64.5,68.8,64.2,65.3,64.8,64.4,62.8,65.5,67,65.9,68.9,67.3,62.8,69.8,63.1,67.4,71.3,61.8,64.7,66.7,62.2,60.7,61.4,67.3,64.7,66.1,63.7,63.6,63.8,63.9,68.6,59.6,68.4,68.9,63.8,63.3,65.7,68.8,62,61.6,61.1,70.6,64.2,60.8,62.5,63,64.9,67.7,64.7,62.9,71.7,67.3,65,61.4,67.8,67.9,63.9,67,69.9,64.4,66.1,65.4,68.4,64.9,66.5,68.1,71,70.4,67.1,66.4,64.9,67.8,65.4,72.4,64.6,69.8,65,67
131,Maximum,May,71,78.1,72.6,72.3,74.3,75.8,71.9,74.8,74.9,75.7,77,75,70.8,75.1,73.2,72.2,77.4,74.7,74.9,74.9,72.2,75.4,69.2,76.9,72.9,67.6,69.4,73.9,71.9,72,70.5,72.9,73.7,70.3,73.7,77,72.8,72,76.5,72.9,72,76.9,74.2,72.8,76.2,73.1,78.8,78,77.1,79.5,72.4,75,76,74.9,74.7,71.9,74.9,74.6,79.6,72,75.4,73.2,75.9,72.7,76.2,72.6,69.8,76.2,72.2,74.6,77.6,71.2,69.3,72.8,73.3,75.8,71.6,68.9,72.3,73.4,73.5,72.1,75.2,69.3,73,75,71.3,75.6,72.7,74.6,75.7,76.2,76.1,72.4,72.1,72.7,79,69.3,75.1,71,73.8,71.7,71.6,74.5,73.7,77.2,74.2,74.7,70.3,81,69.6,74.4,74.2,73.4,75.2,78.2,76.8,76.5,73.7,77,77.3,71,73.4,79.9,80.2,70.7,74.9
131,Maximum,Jun,83.2,80.4,79.4,80.8,85.1,82.1,81.7,82.7,77.2,81.5,82.5,82.3,74.8,80.9,82,77.5,82.6,79.8,80.6,82.5,77,77.8,80.6,78.1,77.9,81.6,82.3,81.2,84.4,80.3,85.2,78.8,77.9,78.5,80,81.6,81,82.2,83.9,85.2,82,80.9,83.6,79.8,84.3,84,81.1,84.3,87.1,84.6,83.8,80.6,80.1,82.6,82.3,83.2,81.8,87,82.8,84,80.2,82.5,83.5,78.8,83.7,81.6,79.2,80.2,81.4,82.3,79.8,80,78.9,82.3,82.9,81.9,81.4,77.4,81.9,77.8,82.2,81.4,80.5,81.1,77.3,81.1,84.9,78.7,80.3,83.2,80.8,84.1,83.3,81.5,84.4,81.9,82.8,77.7,82.2,84,80.1,81.9,79.7,82,80.2,83.1,82.2,84.4,80.5,81.1,81.3,81.3,82.8,86.7,82,88.2,85.8,82.3,82.6,82.2,84.2,81.6,83.5,83.9,83.8,81.5,82.2
131,Maximum,Jul,84.2,87.1,85.2,85.6,86.6,88.8,88.4,88.1,87.9,84.7,86.7,83.6,85.8,87.1,84.2,84.1,87.6,84.7,87,82.8,84.8,83.7,83.2,81.2,83.9,83.4,86.7,83.6,83.3,82.5,86.7,85.7,83.9,85.5,84.2,87,87.3,86.3,84.4,87.8,85.3,86.2,85.4,85.5,84,86,85.4,88.8,86.1,86.9,84.2,83,84,86.9,88.8,84.8,86.2,88.9,89.1,86.8,89.2,85.5,86.7,88.1,84.4,83.4,86.4,82.2,86,83.7,82.8,87.1,82.6,85.5,85.8,83.7,84.7,84.7,85.1,84.7,83.6,85.3,88.3,83.7,83.4,88.3,86.1,85.6,88.8,83,85.4,88.9,89.3,87.4,85.4,87.4,88.2,86.8,89.8,88,89,83.9,87,86.3,88.6,82.6,83.4,89,85.5,85.5,87.8,87.5,86.8,86.3,84.5,91.4,89.8,90.8,86.8,85.2,85.9,88.8,88.9,85.2,89.3,90.6,NA
131,Maximum,Aug,87.9,87.4,84.2,86.4,84.6,89.3,85.1,84.2,84.1,82.8,84.2,85.6,81.9,82.6,81.4,81.9,86.5,84.2,82.6,85.7,83.7,83.3,84,85.3,82.4,82.1,82.9,80.8,83.2,84,81.2,86.2,79,85.8,81.8,84.4,84.9,84.8,83.9,82.6,83.4,85.7,84.9,87.2,85.6,81.3,85.3,83.2,86.3,84.7,83.3,81,85.3,84.9,85.2,83.1,84.4,85.6,85.7,87.1,86.1,84.4,83.4,83.5,87,85,84,82.9,84.2,82.3,83.8,83.5,81.6,87.5,83.5,85,83.4,83.2,85.1,82.4,87.2,82.2,87.6,87.2,84.8,87.8,81.8,82.1,87,84.6,84.1,82.4,86.8,86.3,82.9,83.8,85,81.3,86.1,82.9,86.4,81.9,84.2,85.3,86.2,83.6,85.8,87,85.7,82.9,87.2,88.1,87.5,84.5,87.3,87.4,86.7,85.1,82.4,82.6,84.9,88.2,83.9,87.5,86.4,85.7,NA
131,Maximum,Sep,84,78,81.1,80.4,79.2,83.4,79.2,77.3,78.9,79.7,80.3,82.2,80.5,75.1,75.9,80.3,81.2,80.8,77.5,77,80.2,77.1,72.8,76.3,79.9,79.2,84.6,78.1,78.1,74.9,81.4,79,79.4,74.2,78.2,84.6,83.5,79.1,83.6,78.6,78.4,80.6,76.2,77.6,81.2,76.8,82.7,81.5,78,79.7,81.7,78,80.2,78.5,77.7,77.4,79.4,80.1,80.6,82.4,78.4,77.5,80,78,79.7,78.2,81.6,76,74.1,78.3,80.2,77.7,75.1,78.9,76.8,82.7,78.8,78.1,81.3,77.3,77,78.3,82.2,80.6,77.9,82.4,77.6,76.9,80.6,77.1,81,78.8,80.5,76.7,78.8,77.1,79.2,77.8,80.7,78.2,78.1,78.6,79.5,83.2,77.1,76.9,77.2,80.1,79.1,78.3,82.6,76.9,81.4,80.9,77,83.1,79.6,79.8,78.6,79.2,81.4,81.7,80.1,83.2,82.8,77.8,NA
131,Maximum,Oct,65.7,66,70,70.6,71,72.3,69.5,72.4,69.1,67.8,70.7,68,66.5,69.7,67,71.8,67.6,70.8,68,69.6,70.1,69,65.7,71.8,75.8,72.7,69.6,71.3,67.2,69.6,65.9,70.6,71.3,70.6,67.8,66.4,73,69.5,69.9,68.2,69.4,71.2,65.6,68.1,70.9,65.6,76.5,69.3,66.6,68.2,69.5,71.1,73,65.2,72,69.9,69.8,66.8,70.8,73.3,71.3,67.5,64.4,67.4,70.7,68.2,69.1,69.2,69.9,64.5,66.7,68.8,68.2,70,68.4,70.6,71.6,65.2,71.3,67,70.1,64.5,66.2,68.8,68.8,67.8,67.4,67.4,68.7,73.2,72,71.7,66.2,64.5,70.4,73.3,70.1,66.4,68.8,68,72.3,69.4,69.6,69.8,68.8,70.9,70.9,69.8,69.1,67.7,69.8,68.3,76.8,68.6,69.9,72,69.4,70,70.7,72.1,69.3,72.7,73.7,72.2,73.5,71.4,NA
131,Maximum,Nov,58.6,64.4,60.8,55.9,58.7,61.2,52.5,63.4,55.2,54.4,58.2,57.8,55.6,57.7,61.1,50.8,55.7,58.3,59.4,57.5,60.3,59,55.4,56.4,58.6,58,61.1,57.8,55.8,58.5,56.7,58.1,62.1,59.8,58.6,56.8,64.2,57.5,55.9,60,59.1,56.3,56.6,62.6,55.1,58,62.1,60.5,58.5,55.8,60.5,61.7,55.9,63.2,59,59.3,56.6,58.9,59.1,55.8,58.5,58.3,59,62.2,58.2,60.7,58.7,54.3,60.6,62.9,59.7,59.1,54.7,60,54.9,58.3,58.7,56.5,62.4,58.5,63.2,52.9,59.4,60.9,62.7,56.5,57,60.9,60,57.3,65.3,58.7,61.7,60.8,59,62.4,59.1,58.4,59.7,63.7,55.2,52.8,56.2,60.3,63.5,55.4,64.9,57.6,64.9,60.3,63.6,61.2,59.3,55.8,60.8,59.3,63.4,54.5,57.6,56.4,63.7,60.8,60.6,58.7,56.3,64.6,NA
131,Maximum,Dec,50.3,48,50.8,49.9,49.6,49.3,48.7,49.2,44.7,43.8,50,49.2,50.8,51.9,43.3,41.8,52.8,53,50.1,42.3,46.1,48.6,38.3,51.7,45.1,50.6,49.6,51.6,56.6,51.9,47,46.9,51.7,49,50.5,47.4,57.9,52.7,53.7,49,40.9,50.1,46.3,49.1,49.1,52.8,52.3,46.4,47.4,44.6,41.1,54.4,47.8,52.1,52.4,45,53.3,48.4,52.2,47.4,42.6,58.9,52.4,42.1,51.4,44.3,47.8,43.2,42.2,52.6,51.7,47.4,51.1,46.5,46.7,50.4,58.6,54.2,51.8,51.8,50.4,46.8,48.8,52.9,51.1,48.3,46,54.2,48.1,57.6,47.7,50,51.7,49.8,39.5,56.2,54.2,49,46.1,53.9,44.4,52.3,49.7,54.6,52.9,43.4,56.7,47.8,50,51.6,47.5,56.7,53.5,55,48.7,40,56.5,55.3,53.8,52.1,62.5,51.2,49.6,52.6,55.5,51.6,NA
001,Precipitation,Jan,4.46,1.36,1.92,1.63,2.77,2.52,2.62,3.04,3.13,1.6,3.48,3.08,2.07,2.75,2.57,3.73,3.42,3.58,3.78,3.7,6.02,2.06,2.74,3.95,3.63,3.14,3.09,4.54,3.52,3.32,5.31,3.44,0.87,1.54,2.08,3,1.59,5.06,3.22,1.72,4.1,7.12,8.55,3.03,4.11,2.72,3.48,2.9,2.76,4.13,3.01,2.3,4.38,4.78,2.21,2.37,1.61,4.65,2.72,4.12,1.3,2.35,3.26,3.97,1.88,2.27,3.53,4.17,2.97,4.41,2.4,3.59,2.55,2.84,2.52,2.18,2.61,3.06,2.86,4.25,5.69,3.72,3.33,6.26,6.54,3.51,0.77,4.3,2.65,4.35,3.39,3.64,7.95,3.15,1.96,3.52,4.95,1.77,4.1,3.7,2.88,4.55,2.33,7.43,4.59,3.98,2.07,3.48,1.92,2.46,3.99,3.2,2.44,1.97,2.03,3.23,3.2,2.46,4.1,3.08,4.81,3.74,4.85,4.16,4.3,3.8,3.48
001,Precipitation,Feb,1.57,6.62,5.6,1.53,5.95,3.93,0.82,5.22,4.49,3.4,4.09,6.06,3.09,3.27,2.93,1.92,2.33,3.58,1.72,3.07,3.21,3.91,2.1,0.86,2.7,6.75,3.76,4.6,3.6,2.55,2.37,3.82,3.9,3.05,5.68,1.78,1.38,2.01,4.83,6.11,2.78,5.37,2.59,3,4.39,2.88,2.66,1.7,3,4.17,4.8,2.75,1.49,3.17,3.71,2.35,2.07,3.94,3.18,1.43,3.11,3.87,4.13,4.23,1.95,4.08,6.49,3.62,2.51,5.32,1.95,3.82,3.68,1.07,3.09,3.42,3.53,5.18,4.42,2.73,3.69,1.89,2.59,1.18,5.27,2.05,3.25,3.78,4.23,4.2,3.25,2.74,2.54,3.74,4.07,3.34,1.07,3.29,1.91,5.36,1.41,3.31,3.82,7.03,2.38,1.99,2.8,0.96,5.07,2.42,2.44,0.98,2.78,3.6,0.48,4.13,1.7,4.37,4.91,2.91,2.96,5.31,1.58,2.08,4.38,5.57,6.13
001,Precipitation,Mar,4.1,2.66,3.31,4.47,4.62,3.15,3.64,1.95,6.52,3.3,2.59,4.89,2.96,2.84,2.99,3.32,3.23,6.46,3.2,3.63,1.31,2.45,7.05,3.76,4.4,3.97,2.73,7,6.66,5.38,2.89,2.24,1.81,2.84,4.45,1.88,4.74,3.93,1.89,6.43,2.8,5.01,3.17,3.59,5.44,3.13,2.65,7.77,3.08,6.32,2.03,2.51,1.96,4.18,3.19,3.57,2.92,5.5,4.59,3.95,3.68,3.47,5.33,6.94,3.75,2.31,4.42,4.69,6.56,3.47,3.83,1.55,2.37,4.88,3.85,4.51,2.96,3.06,3.92,4.23,7.67,2.08,2.86,5.41,5.1,4.81,2.04,4.38,6.13,7.32,2.99,0.55,2.89,2.99,6.75,3.94,4.79,4.1,6.74,9.87,1.96,3.29,4.31,5.05,6.24,4.25,5.18,4.78,5.06,2.04,3.52,0.23,1.94,2.26,4.58,7.32,3.54,2.39,5.21,3.64,3.42,2.37,3.92,3.67,3.98,4.13,2.95
001,Precipitation,Apr,6.34,1.07,2.94,3.95,1.68,2.27,4.14,3.28,3.04,1.83,4.29,1.7,3.28,1.91,3.52,4.34,3.53,2.18,2.97,2.31,2.25,2.92,2.44,6.05,3.91,3.19,3.45,1.76,5.44,5.46,2.05,2.08,3.14,5.08,5.2,1.59,2.97,3.12,3.59,1.54,4.78,3.1,5.4,1.97,3.8,4.78,3.57,0.8,2.71,4.42,2.68,2.83,3.4,3.48,2.23,1.78,2.86,3.33,3.91,3.09,2.89,3.47,2.35,4.44,4.73,2.36,2.78,4.53,0.67,3.77,2.81,1.69,1.44,1.64,3.04,3.19,2.45,3.54,4.35,2.06,3.01,1.15,1.88,3.85,3.17,3.81,3.51,3.02,5.83,4.85,0.45,1.83,2.83,3.31,4.36,2.92,2.92,2.01,3.96,1.09,3.47,4.14,3.07,2.51,3.07,4.37,2.54,4.89,4.83,5.18,2.52,2.59,4.21,4.71,3.64,0.96,1.86,3.49,3.85,4.32,4.98,2.1,2.41,2.12,4.52,3.97,2.09
001,Precipitation,May,3.93,2.65,2.86,3.11,1.84,3.19,2.9,1.94,1.25,1.94,2.88,2.02,5.07,3.27,3.14,2.89,0.4,3.83,2.91,1.86,2.89,5.77,2.74,2.49,4.8,0.92,3.75,2.28,1.48,6.21,1.99,2.11,2.09,1.64,2.83,2.7,3.7,2.76,5.41,6.91,4.1,0.42,2.89,2.62,0.9,3.15,2.84,1.15,4.27,0.86,3.96,5.54,2.32,6.92,3.21,2.79,3.77,2.89,2.71,2.9,2.19,3.26,1.55,5.36,1.95,4.14,6.34,1.81,3.1,1.12,0.75,4.27,3.97,2.48,1.36,2.6,6.7,6.33,3.7,3.63,2.43,2.92,1.89,5.79,6.42,2.27,3.85,1.28,3.87,5.17,3.91,0.52,2.51,3.14,2.78,7.55,0.73,4.34,4.69,2.66,4.27,3.81,2.16,5.4,1.24,3.64,3.66,1.9,4.68,2.46,4.17,2.44,1.78,6.37,3.7,2.62,1.37,3.38,1.85,5.13,2.82,7.73,7.07,6.15,2.89,2.8,2.18
001,Precipitation,Jun,2.57,2.45,2.21,2.4,3.06,2.84,3.75,3.8,4,3,3.25,5.61,4.01,3.25,4.67,4.76,2.68,3.33,2.85,5.53,4.85,4.07,5.44,3.21,2.37,4.58,1.24,5.71,2.24,5.76,2.17,2.54,3.98,4.93,3.28,2.65,2.54,4.42,1.43,3.06,4.1,4.37,3.54,6.9,4.09,0.78,3.15,3.49,1.81,3.69,5.85,3.56,5.02,3.77,1.88,1.39,5.73,2.44,3.27,0.95,4.84,3.27,3.69,4.11,1.99,2.5,3.93,4.94,5.59,3.81,3.8,2.66,3.09,3.26,1.9,3.62,1.33,6.49,4.29,2.69,2.25,1.94,3.56,2.09,4.79,1.75,3.6,4.34,2.66,2.49,3.86,1.72,4.54,2,3.99,1.7,2.73,3.23,2.07,2.08,2.69,3.94,2.2,4.42,2.99,4.24,3.6,3.22,3.36,4.1,6.12,9.11,4.31,5.32,5.46,1.75,6.51,3.42,5.76,1.8,5.2,5.68,1.93,4.9,3.15,2.81,3.57
001,Precipitation,Jul,3.25,4.96,8.26,3.92,5.39,3.48,3.79,4.07,4.68,5.2,5.28,5.34,2.03,4.75,2.38,4.06,2.58,2.52,2.85,2.91,4.19,4.78,6.94,3.62,6.77,4.71,3.91,7.03,5.2,2.59,4.92,6.3,5.31,3.56,2.58,2.13,3.63,3.22,7.45,5.82,4.7,4.63,4.53,13.17,6.02,4.05,7.5,3.87,1.94,3.38,12.65,3.52,2.87,4.07,4.61,6,3.77,2.2,2.47,3.56,3.47,6.12,1.76,3.9,7.01,6.14,2.8,2.54,0.8,2.76,5.89,1.9,3.58,3.64,6.1,4.7,3.1,2.24,2.2,2.69,6.01,2.85,1.77,5.46,6.38,3.54,4.21,6.58,0.53,4.33,2.75,4.35,2.68,4.63,7.1,4.18,3.59,4.9,0.68,5.14,3.12,7.43,4.7,1.53,3.16,7.43,6.88,4.24,4.96,11.29,4.26,5.11,2.27,3.65,4.14,1.49,3.47,3.98,4.5,3.32,4.59,5.36,5.09,5.85,7.21,3.91,-9.99
001,Precipitation,Aug,2.05,2.77,2.97,5.72,4.29,3.2,6.91,2.43,4.04,2.26,5.45,7.15,4.81,5.31,4.74,8.3,5.05,3.48,5.35,2.55,3.61,2.41,2.69,2.49,5.31,7.2,3.1,5.6,3.48,3.93,3.49,7.74,5.36,4.04,2.51,0.61,8.4,1.17,11.21,3.43,4.63,3.44,9.41,1.22,4.59,3.81,2.92,8.53,2.16,2.97,2.02,3.3,2.59,6.83,6.68,3.44,3.83,4.97,7.65,5.29,8.6,2.65,6.62,9.86,2.61,4.32,2.85,3.42,3.57,3.21,2.33,1.36,7.57,2.65,7.37,1.16,5.14,2.77,6.04,4.12,2.62,5.6,4.27,3.82,4.21,2.02,3.75,4.6,1.46,1.35,5.63,7.11,0.94,3.63,10.04,5.89,4.57,7.39,2.71,2.69,1.42,4.59,2.42,2.13,4.15,5.68,2.68,2.47,5.85,10.36,4.69,2.34,3.58,2.02,5.56,5.54,8.54,7.69,3.24,3.85,2.82,1.87,10.28,2.44,1.83,7.2,-9.99
001,Precipitation,Sep,2.5,5.44,1.12,2.91,1.51,2.1,4.31,5.93,3.35,2.26,3.65,1.59,3.47,2.01,2.66,1.58,2.19,3.75,3.71,1.79,1.58,3.2,2.56,4.6,1.89,2.78,1.13,3.46,2.56,5.19,1.06,3.31,1.91,6.31,2.43,1.21,4.25,3.64,2.61,7.12,7.14,5.08,2.04,8.64,2.54,1.67,0.34,3.54,4.49,6.22,4.41,4.33,3.56,3.18,3.81,3.39,2.78,2.39,2.66,4.32,7.73,3.43,4.72,1.5,2.48,7,1.97,4.37,5.31,3.75,2.76,5.27,1.87,2.25,2.06,1.85,2.03,4.41,2.43,2.34,7.67,4.7,2.27,1.09,7,1.72,3.8,1.54,3.71,1.58,5.54,1.18,3.04,2.8,3.93,1.8,2.65,5.88,3.21,3.33,4.25,6.86,1.31,3.52,9.88,4.4,1.66,2.25,5.19,2.29,0.5,11.11,1.41,3.48,6.01,3.82,3.49,3.86,1.51,5.12,3.79,10.98,2.68,6.91,1.76,5.08,-9.99
001,Precipitation,Oct,2.8,1.92,4.55,4.07,4.61,2.16,1.37,2.95,5.51,2.5,1.4,4.74,2.69,2.33,1.46,4.93,2.76,1.23,4.6,1.41,4.88,2.27,6.9,1.47,2.41,0.89,1.12,2.31,3.36,0.41,4.97,3.02,3.38,0.65,3.36,1.94,1.83,5.9,1.1,1.31,1.99,3.61,4.19,2.82,4.84,2.01,1.13,4.65,6.67,3.01,3.06,2.02,2.93,4.47,2.88,1.34,2.68,2.09,1.06,2.35,3.43,7.49,5.46,4.28,5.35,5.05,5.4,2.26,0.37,4.76,0.95,1.71,0.95,2.39,1.64,1.41,7.72,3.93,1.8,0.86,5.09,5.11,3.91,1.34,2.69,5.48,2.31,2.61,3.49,1.28,4.71,1.32,2.67,2.73,3.69,2.23,4.04,1.68,4.02,1.62,4.33,5.27,3.92,1.3,5.17,0.03,0.69,5.86,3.84,2.79,5.9,6.48,3.96,0.91,4.04,4.78,3.07,9.83,3.92,1.61,3.72,6.42,5.03,4.01,6.59,4.55,-9.99
001,Precipitation,Nov,2.3,2.3,1.81,3.76,0.98,4.09,1.78,3.05,1.69,1.9,0.54,1.52,5.09,1.17,1.21,1.91,5.03,2.97,0.92,2.63,0.91,2.58,0.62,0.88,1.77,5.23,2.77,0.93,3.28,2.19,2.37,3.04,2.4,1.35,2.16,1.26,0.6,2.43,1.84,3.68,4.4,0.8,4.23,2.59,1.56,5.33,0.73,1.42,1.41,3.71,3.82,2.42,4.94,6.97,3.39,2.61,4.76,5.15,2.6,2.18,2.14,2.14,4.56,2.03,3.08,1.21,1.66,6.4,5.25,1.84,0.35,0.68,1.8,3.09,2.17,2.52,2.62,5.46,1.78,1.05,2.71,1.56,3.94,5.5,5.91,2.87,1.19,4.15,4.8,2.35,5.08,2.4,2.81,3.48,3.7,2.27,0.97,4.77,1.93,3.67,3.49,3.31,7.11,1.46,1.2,1.46,0.07,4.2,2.3,4.42,2.92,5.23,1.13,5.62,7.61,0.86,2.83,0.72,2.58,3.85,3.91,1.34,1.22,5.58,2.42,5.71,-9.99
001,Precipitation,Dec,1.93,1.18,3.96,2.66,1.04,2.61,4.49,4.08,2.76,5.61,5.45,2.75,3.98,3.97,3.03,3.37,4.09,3.19,2,6.02,2.42,3.57,2.17,3.69,2.25,4.03,3.38,5.79,2.11,3.13,3.81,4.35,5.28,2.62,1.92,2.41,2.25,4.7,2.57,2.14,2.33,5.84,1.8,2.23,1.27,2.09,3.38,3.41,1.29,2.12,6.13,1.96,2.32,4.3,1.76,2.82,3.86,3.22,2.81,2.91,1.26,2.86,5.5,3.18,2.7,2.86,5.49,3.89,2.59,3.3,0.71,2.96,6.05,2.9,6.19,2.7,1.48,3.16,4.55,3.86,2.94,2.76,7.12,3.31,1.47,1.53,5.05,3,5.21,2.02,1.2,5.15,3.16,0.58,1.71,3.24,3.55,4.39,3.69,1.64,2.39,5.35,2.99,4.48,2.2,2.1,1.79,3.51,6.92,3.5,3.67,2.86,4.68,5.01,8.09,2.33,1.27,4.09,5.75,3.29,3.69,3.21,1.88,4.08,2.86,5.5,-9.99
131,Precipitation,Jan,4.52,1.45,1.85,1.78,2.94,2.43,2.68,2.69,3.3,2.56,3.41,3.24,1.64,3.25,2.44,2.77,3.29,3.38,3.48,3.43,6.02,2.35,2.91,4.57,4,2.24,3.33,4.5,2.8,2.7,5.85,5.15,0.86,1.73,2.25,3.06,1.45,4.64,3.27,1.83,3.39,6.46,9.64,2.74,3.58,2.19,2.95,2.97,2.98,4.32,2.29,2.51,3.99,4.1,1.19,2.37,1.12,5.22,1.77,4.91,1.48,2.17,3.13,4.01,1.43,2.48,3.83,4.2,3.13,3.96,2.38,3.66,3.12,2.97,2.58,2.34,3.49,3.52,3.07,4.15,5.57,3.83,3.54,5.86,6.42,3.77,0.89,4.47,2.17,3.89,4.18,2.93,8.57,2.84,2.2,3.89,5.09,2.19,4.55,3.97,2.97,5,2.41,6.72,4.81,4.35,1.69,4.16,2.47,2.18,3.42,3.35,2.15,1.95,2.01,3.36,3.08,2.36,4.03,2.97,4.06,4.51,4.79,3.88,4.14,3.63,3.52
131,Precipitation,Feb,1.57,6.44,5.5,1.5,6.92,3.67,0.87,5.44,4.01,4.19,4.16,5.34,3.44,3.21,2.72,1.99,2.41,3.24,2.12,3.17,2.56,4.01,2.28,0.55,2.59,7.6,3.75,5.22,3.53,3.18,1.85,3.54,3.73,2.78,5.42,1.69,1.74,1.94,3.71,5.2,2.42,3.61,2.55,2.11,5.19,2.65,2.53,1.7,2.35,5.16,4.98,3.06,1.2,3.58,4.15,1.58,1.81,4.88,3.61,2.07,3.24,4.87,4.7,3.67,1.97,3.56,5.65,3.6,3.18,5.45,1.92,3.73,4.02,1.25,2.96,3.45,2.89,4.53,3.67,3.23,4.14,1.65,2.65,1.25,4.73,2.39,2.88,4.38,4.77,4.09,3.14,2.62,2.53,3.75,4.59,2.87,1.05,3.04,2.06,4.86,1.52,3.02,4.02,7.9,2.03,1.64,2.57,1.19,5.13,2.41,2.33,1.03,2.54,3.6,0.65,4.15,1.74,3.59,4.73,2.68,2.42,5.62,1.31,2,4.17,5.49,5.74
131,Precipitation,Mar,3.97,2.57,3.34,4.58,4.64,4.01,3.2,1.69,5.92,3.7,2.31,4.87,3.29,3.19,2.35,3.45,3.99,5.69,2.99,3.65,1.22,2.34,6.09,3.97,4.04,4.1,2.45,6.45,6.94,4.34,3.07,2.69,2.23,2.78,4.57,1.81,4.2,3.47,1.92,4.98,3.58,4.05,2.88,3.8,4.42,2.34,2.37,6.09,3.45,7.04,1.61,1.48,3.08,3.44,2.67,3.44,3.31,5.03,3.27,4.5,3.3,2.98,6.26,6.37,4.15,2.49,4.29,4.21,4.97,3,3.38,1.8,2.36,4.58,4.02,4.76,3.29,2.95,4.2,4.21,7.58,1.96,3.16,6.33,4.53,4.83,1.9,4.47,5.48,6.69,3.1,0.71,2.62,3.04,7.1,4.38,4.53,3.57,6.99,9.5,2.67,3.28,3.49,5.23,5.87,3.79,4.35,4.48,4.47,1.94,3.11,0.27,1.74,2.92,5.17,6.68,3.67,2.76,4.42,3.8,3.21,2.92,4.33,3.73,3.35,4.63,2.6
131,Precipitation,Apr,5.82,1.17,2.64,4.06,1.9,2.98,4.05,2.77,3.6,1.52,4.89,1.46,3.72,1.28,3.67,2.94,3.42,2.58,1.88,2.22,2.06,2.34,2.86,5.95,2.76,4.11,3.75,1.76,5.76,3.96,2.26,2.14,3.55,4.61,2.89,1.99,3.24,2.47,3.5,1.61,4.71,3.26,5.27,4.11,3.96,4.13,3,0.64,2.48,3.45,2.74,2.65,3.21,4.55,2.1,1.73,2.72,2.87,3.58,2.4,2.14,3.31,2.64,4.09,5.09,1.66,2.97,5.13,0.69,2.94,2.19,1.72,1.14,2.37,2.48,3.59,2.14,3.21,3.91,2.32,3.51,1.11,1.86,4,3.85,3.08,3.33,2.75,6.31,4.99,0.47,1.43,3.02,3.31,4.28,2.66,3.34,2.19,3.9,0.91,3.06,4.05,3.28,2.92,3.02,4.03,2.23,4.44,5.41,4.48,2.38,3.16,4,5.36,2.36,0.96,1.83,2.93,3.51,4.4,5.28,2.29,2.67,2.34,4.85,4.29,2.11
131,Precipitation,May,3.95,2.91,2.99,3.62,1.98,2.94,2.62,2.29,1.56,2.33,2.97,2.82,3.3,3.65,3.68,2.96,0.57,2.63,4.88,1.89,3.29,5.52,2.62,2.92,4.36,1,4.3,2.37,1.79,7.9,2.01,2.07,2.58,2.26,4.78,1.97,4.69,2.42,3.44,5.97,3.3,0.35,2.73,3.69,1.13,2.85,1.59,1.36,4,0.79,3.27,5.99,1.83,8.15,4.29,4.02,2.07,3.65,2.99,4.56,2.03,2.85,1.49,6.27,1.64,5.28,6.99,2.66,3.37,1.65,0.47,5.55,3.96,2.6,2.04,1.77,6.08,5.28,2.98,3.12,2.28,3.14,2.4,6.27,6.82,2.71,3.72,1.57,3.44,4.83,3.2,0.69,2.23,4.04,2.85,6.05,0.83,4.28,5.1,3.2,4.1,3.57,1.61,5.53,1.33,4.18,3.64,2.55,4.58,3.03,4.6,2.78,2.01,5.02,3.85,3.28,1.46,3.37,2.46,5.73,2.44,6.78,8.09,5.91,2.43,3.22,1.67
131,Precipitation,Jun,2.79,2.67,2.58,2.49,3.1,1.99,3.46,2.88,4.78,3.7,3.11,3.21,3.38,4.95,5.92,5.12,4.04,3.64,3.32,3.88,4.67,3.56,5.67,4.53,2.7,5.77,2.28,7.07,2.11,6.09,3.15,2.09,4.36,5.02,3.24,3.5,2.7,3.88,1.75,2.61,2.53,4.19,3.08,7.03,4.61,0.89,4.85,2.77,3.91,1.75,5.83,3.15,4.36,3.61,1.79,1.18,6.74,2.18,4.29,0.4,4.02,2.85,4.54,5.18,1.91,3.74,4.86,4.86,7.65,4.24,4.63,4,1.9,3.37,3.06,3.93,1.25,4.77,5.55,3.16,1.77,1.88,2.49,2.76,4.24,1.01,3.14,4.67,4.1,2.53,3.8,1.47,4.57,2.84,4.46,1.46,3.27,2.89,2.79,2.76,3.21,3.84,1.71,4.33,3.33,4.04,5.35,2.37,2.96,5.53,5.69,8.23,4.49,4.63,6.5,2.04,7.48,3.92,5.64,2.08,5.99,4.6,2.77,4.44,4.17,3.61,4.49
131,Precipitation,Jul,3.5,5.18,8.22,4.15,5.95,3.86,4.74,5.16,4.7,6.11,7.47,6.85,2.43,5.37,3.9,4.49,2.83,2.49,6.6,4.08,5.67,4.8,10.43,3.59,8.82,4.49,3.21,10.19,5.53,3.92,4.3,3.95,4.57,5.51,3.53,2.16,4.3,3.52,6.02,8.83,6.33,4.34,6.43,9.01,8.25,4.43,5.83,3.72,5.04,3.59,12.56,4.16,3.98,3.63,3.83,6.96,5.34,2.78,2.02,5.53,2.77,7.96,2.23,4.13,5.24,6.35,2.72,4.67,0.92,3.38,8.58,3.25,4.86,3.94,5.13,6.07,2.92,3.45,2.01,4.91,6.83,3.12,2.79,4.76,6.61,2.74,4.78,6.45,0.55,5.06,3.48,3.89,1.75,3.84,5.3,3.76,4.31,5.43,0.81,6.91,2.11,7.94,5.72,2.96,3.45,7.7,7.28,4.55,6.1,9.53,5.18,4.56,2.51,4.53,4.09,2.09,4.65,4.7,4.08,3.88,4.86,6.14,3.45,6.32,6.94,3.18,-9.99
131,Precipitation,Aug,2.11,2.88,3.09,5.42,3.17,2.74,7.74,2.6,5.11,3.18,4.49,9.35,4.05,7.9,4.82,6.23,4.88,2.61,4.09,2.3,2.92,3.21,2.32,2.99,4.03,7.4,2.93,6.66,3.24,5.52,2.95,7.05,5.42,3.07,2.92,1.23,7.49,1.41,10.59,4.13,4.1,2.3,6.48,1.88,6.42,6.84,3.27,8.42,1.55,3.95,2.21,3.82,2.01,7.23,6.2,4.11,4.15,5.32,7.32,4.14,11.72,3.46,7.28,11.84,1.59,5.25,3.29,3.17,2.58,3.95,1.59,2.28,8.75,1.97,6.47,2.58,5.88,3.15,5.19,4.85,2.38,3.51,4.58,3.14,4.11,2.7,4.06,5.44,1.69,1.07,1.96,8.04,1.63,4.57,8.58,9.06,2.81,9.88,1.8,3.69,1.59,4.66,1.52,3.31,4.6,6.8,2.63,3.28,6.43,9.85,5.24,3.72,4.05,1.91,5.37,4.08,8.38,8.42,3.92,3.21,2.66,2.14,10.15,3.35,2.6,7.73,-9.99
131,Precipitation,Sep,2.07,5.44,1.05,2.94,1.82,1.82,4.63,4.47,2,2.46,3.4,1.62,3.25,1.77,1.6,1.26,2.31,3.01,3.28,2.34,1.63,2.63,3.73,5.33,1.41,3.32,1.53,2.35,2.58,4.8,1.67,2.13,2.14,7.51,3.13,1.79,3.25,2.27,2.6,6.52,4.55,4.55,3.03,8.45,1.02,2.42,0.9,3.65,4.95,6.57,4.1,4.05,4.31,2.01,2.32,2.48,1.27,4.34,4.39,3.98,8.39,4,6.02,0.61,3.28,5.51,1.3,4.25,4.47,6.97,1.73,4.5,2.34,2.54,2.99,2.95,1.91,5.87,2.27,3.19,7.73,4.07,1.83,1.49,9.27,1.8,3.43,2.32,3.58,1.81,5.99,0.75,2.78,2.74,3.75,2.12,2.39,5.83,3.66,2.89,4.72,4.86,1.11,4.03,12.03,4.78,2.13,2.59,5.77,2.14,0.84,12.9,1.18,2.84,5.71,6.09,4.5,2.04,1.56,5.82,3.01,9.91,3.05,7.84,1.98,6.76,-9.99
131,Precipitation,Oct,2.79,1.9,4.72,3.87,4.9,3.48,1.3,2.86,6.01,2.12,1.63,5.43,2.1,3.55,1.42,4.18,2.35,0.91,3.6,1.77,3.46,2.22,5.15,1.36,2.25,0.66,1.7,3.12,2.23,0.27,3.38,2.13,3.39,0.75,4.73,1.82,1.33,5.31,0.47,0.58,0.93,4.05,3.53,2.45,4.38,2.12,1.11,4.83,5.89,2.62,2.56,1.43,2.45,3.42,2.17,1.3,2.44,2.53,0.7,2.84,2.45,7.59,6.57,5.26,6.64,4.55,5.27,2.08,0.4,4.56,1.32,1.65,0.95,2.96,1.72,1.02,8.61,5.21,2.1,1.24,5.04,3.38,4.29,1.46,2.12,4.84,2.81,2.78,4.27,1,4.54,1.13,1.96,2.86,3.31,2,4.5,1.91,3.71,1.97,4.89,5.16,4.35,1.12,5.69,0.03,0.7,5.65,3.94,3.12,6.3,6.06,4.17,0.99,2.92,3.74,2.66,9.01,3.75,1.53,3.94,7.46,4.59,3.46,5.25,3.59,-9.99
131,Precipitation,Nov,2.27,2.31,1.85,3.27,0.9,4.28,1.66,2.7,2.04,2.13,0.87,1.32,5.22,1.64,0.94,1.45,4.81,2.13,1.26,2.95,1.01,1.97,0.76,1.14,0.84,5.38,2.2,0.83,2.95,2.04,2.21,3.13,2.4,1.36,3,1.05,0.42,2.26,1.45,2.64,3.64,1.27,4.81,2.5,2.52,4.78,0.97,0.91,1.19,3.47,3.25,2.62,5.44,6.85,3.97,1.96,4.43,5.14,2.82,2.02,2.39,1.74,5.29,1.91,2.19,0.88,1.47,5.39,5.34,1.53,0.39,0.54,1.69,3.74,2.06,2.58,2.54,5.04,1.77,1.06,2.47,1.78,4.03,5.21,5.65,2.55,1.27,4.13,4.35,2.29,5.21,2.26,3.48,3.72,3.52,1.71,1.09,4.47,1.83,4.37,2.94,3.1,6.13,1.49,1.11,1.64,0.11,4.31,2,3.67,3.04,5.29,1.13,4.92,8.56,0.56,2.76,0.82,2.41,3.99,3.83,1.47,1,5.02,2.59,6.22,-9.99
131,Precipitation,Dec,1.93,1.49,3.96,2.13,0.88,2.46,4.12,4.25,2.51,5.69,4.9,2.84,3.56,3.81,2.32,4.09,4.78,3.88,2.1,6.37,2.55,3.86,2.6,3.89,2.37,4.83,3.83,5.03,1.75,4.3,4.73,5.26,6.66,3.08,2.18,2.77,2.31,4.09,1.56,1.96,2.29,5.94,1.68,2.09,1.16,1.71,2.9,4.06,1.75,2.19,5.76,1.52,2.55,4.81,2.25,2.63,3.11,2.82,2.83,3.03,1.11,2.77,5.13,3.51,2.6,2.42,5.23,3.64,2.74,3.73,0.75,3.37,6.74,2.71,5.77,2.43,1.83,3.68,5.08,3.71,2.94,3.05,5.54,3.21,1.23,1.63,5.14,3.65,5.67,2.06,1.24,4.9,3.09,0.73,2.31,2.94,3.07,4.18,3.42,1.52,2.2,4.91,3.24,5.14,2.14,2.14,1.68,4.23,6.67,3.69,4,2.62,4.39,4.28,7.37,2.73,1.42,4.19,5.87,3.39,3.35,2.8,2.31,4.33,2.59,5.18,-9.99
